date_time,maxtempC,mintempC,totalSnow_cm,sunHour,uvIndex,moon_illumination,moonrise,moonset,sunrise,sunset,DewPointC,FeelsLikeC,HeatIndexC,WindChillC,WindGustKmph,cloudcover,humidity,precipMM,pressure,tempC,visibility,winddirDegree,windspeedKmph,location
2018-12-11 00:00:00,12,6,0.0,8.7,3,21,11:10 AM,09:30 PM,08:04 AM,05:52 PM,-2,9,9,9,5,5,44,0.0,1018,8,10,315,4,iran
2018-12-11 03:00:00,12,6,0.0,8.7,3,21,11:10 AM,09:30 PM,08:04 AM,05:52 PM,-2,8,9,8,9,5,46,0.0,1018,7,10,308,7,iran
2018-12-11 06:00:00,12,6,0.0,8.7,3,21,11:10 AM,09:30 PM,08:04 AM,05:52 PM,-2,8,8,8,7,3,49,0.0,1019,6,10,304,5,iran
2018-12-11 09:00:00,12,6,0.0,8.7,3,21,11:10 AM,09:30 PM,08:04 AM,05:52 PM,-1,11,11,11,9,2,41,0.0,1019,9,10,285,8,iran
2018-12-11 12:00:00,12,6,0.0,8.7,3,21,11:10 AM,09:30 PM,08:04 AM,05:52 PM,-1,13,13,13,9,2,36,0.0,1018,11,10,279,8,iran
2018-12-11 15:00:00,12,6,0.0,8.7,3,21,11:10 AM,09:30 PM,08:04 AM,05:52 PM,-2,14,14,14,10,2,33,0.0,1016,12,10,289,9,iran
2018-12-11 18:00:00,12,6,0.0,8.7,3,21,11:10 AM,09:30 PM,08:04 AM,05:52 PM,-0,14,14,14,5,0,37,0.0,1017,10,10,303,4,iran
2018-12-11 21:00:00,12,6,0.0,8.7,3,21,11:10 AM,09:30 PM,08:04 AM,05:52 PM,-2,12,12,12,7,0,37,0.0,1017,9,10,312,5,iran
2018-12-12 00:00:00,15,7,0.0,8.7,4,29,11:49 AM,10:24 PM,08:05 AM,05:52 PM,-3,12,12,12,6,0,36,0.0,1018,8,10,305,5,iran
2018-12-12 03:00:00,15,7,0.0,8.7,4,29,11:49 AM,10:24 PM,08:05 AM,05:52 PM,-4,12,12,12,6,0,33,0.0,1018,8,10,304,5,iran
2018-12-12 06:00:00,15,7,0.0,8.7,4,29,11:49 AM,10:24 PM,08:05 AM,05:52 PM,-7,11,11,11,9,0,28,0.0,1019,7,10,301,6,iran
2018-12-12 09:00:00,15,7,0.0,8.7,4,29,11:49 AM,10:24 PM,08:05 AM,05:52 PM,-7,14,14,14,10,0,22,0.0,1019,11,10,302,8,iran
2018-12-12 12:00:00,15,7,0.0,8.7,4,29,11:49 AM,10:24 PM,08:05 AM,05:52 PM,-8,17,17,17,12,0,18,0.0,1018,14,10,297,10,iran
2018-12-12 15:00:00,15,7,0.0,8.7,4,29,11:49 AM,10:24 PM,08:05 AM,05:52 PM,-9,17,17,17,13,1,16,0.0,1016,15,10,291,12,iran
2018-12-12 18:00:00,15,7,0.0,8.7,4,29,11:49 AM,10:24 PM,08:05 AM,05:52 PM,-10,13,13,13,10,3,19,0.0,1017,11,10,332,6,iran
2018-12-12 21:00:00,15,7,0.0,8.7,4,29,11:49 AM,10:24 PM,08:05 AM,05:52 PM,-12,13,13,13,9,1,16,0.0,1017,10,10,10,5,iran
2018-12-13 00:00:00,15,7,0.0,8.7,4,36,12:24 PM,11:20 PM,08:06 AM,05:52 PM,-13,12,12,12,5,0,16,0.0,1017,9,10,34,3,iran
2018-12-13 03:00:00,15,7,0.0,8.7,4,36,12:24 PM,11:20 PM,08:06 AM,05:52 PM,-11,13,13,13,2,0,18,0.0,1016,8,10,73,2,iran
2018-12-13 06:00:00,15,7,0.0,8.7,4,36,12:24 PM,11:20 PM,08:06 AM,05:52 PM,-12,12,12,12,5,0,17,0.0,1017,7,10,9,3,iran
2018-12-13 09:00:00,15,7,0.0,8.7,4,36,12:24 PM,11:20 PM,08:06 AM,05:52 PM,-12,17,17,17,3,1,13,0.0,1017,12,10,315,3,iran
2018-12-13 12:00:00,15,7,0.0,8.7,4,36,12:24 PM,11:20 PM,08:06 AM,05:52 PM,-10,19,19,19,2,0,13,0.0,1017,15,10,272,1,iran
2018-12-13 15:00:00,15,7,0.0,8.7,4,36,12:24 PM,11:20 PM,08:06 AM,05:52 PM,-8,19,19,19,1,2,16,0.0,1016,15,10,345,1,iran
2018-12-13 18:00:00,15,7,0.0,8.7,4,36,12:24 PM,11:20 PM,08:06 AM,05:52 PM,-13,12,13,12,15,4,15,0.0,1019,12,10,8,9,iran
2018-12-13 21:00:00,15,7,0.0,8.7,4,36,12:24 PM,11:20 PM,08:06 AM,05:52 PM,-10,12,13,12,13,0,19,0.0,1020,10,10,351,9,iran
2018-12-14 00:00:00,13,8,0.0,7.0,4,43,12:57 PM,No moonset,08:06 AM,05:52 PM,-8,10,11,10,15,4,26,0.0,1021,10,10,343,8,iran
2018-12-14 03:00:00,13,8,0.0,7.0,4,43,12:57 PM,No moonset,08:06 AM,05:52 PM,-6,9,10,9,16,3,32,0.0,1022,9,10,323,10,iran
2018-12-14 06:00:00,13,8,0.0,7.0,4,43,12:57 PM,No moonset,08:06 AM,05:52 PM,-5,7,9,7,19,3,35,0.0,1023,8,10,317,11,iran
2018-12-14 09:00:00,13,8,0.0,7.0,4,43,12:57 PM,No moonset,08:06 AM,05:52 PM,-3,9,11,9,19,5,39,0.0,1024,11,10,312,15,iran
2018-12-14 12:00:00,13,8,0.0,7.0,4,43,12:57 PM,No moonset,08:06 AM,05:52 PM,-2,12,13,12,17,6,35,0.0,1022,13,10,305,15,iran
2018-12-14 15:00:00,13,8,0.0,7.0,4,43,12:57 PM,No moonset,08:06 AM,05:52 PM,-2,13,13,13,9,99,33,0.0,1021,13,10,317,7,iran
2018-12-14 18:00:00,13,8,0.0,7.0,4,43,12:57 PM,No moonset,08:06 AM,05:52 PM,-2,12,13,12,10,2,36,0.0,1022,11,10,29,8,iran
2018-12-14 21:00:00,13,8,0.0,7.0,4,43,12:57 PM,No moonset,08:06 AM,05:52 PM,-4,11,11,11,8,2,34,0.0,1022,9,10,15,6,iran
2018-12-15 00:00:00,13,7,0.0,8.7,3,51,01:28 PM,12:15 AM,08:07 AM,05:53 PM,-3,10,10,10,10,3,38,0.0,1022,9,10,353,6,iran
2018-12-15 03:00:00,13,7,0.0,8.7,3,51,01:28 PM,12:15 AM,08:07 AM,05:53 PM,-2,8,10,8,17,3,44,0.0,1023,8,10,320,11,iran
2018-12-15 06:00:00,13,7,0.0,8.7,3,51,01:28 PM,12:15 AM,08:07 AM,05:53 PM,-3,7,8,7,16,12,46,0.0,1024,7,10,308,9,iran
2018-12-15 09:00:00,13,7,0.0,8.7,3,51,01:28 PM,12:15 AM,08:07 AM,05:53 PM,-2,9,11,9,13,7,40,0.0,1025,10,10,298,12,iran
2018-12-15 12:00:00,13,7,0.0,8.7,3,51,01:28 PM,12:15 AM,08:07 AM,05:53 PM,-4,12,13,12,15,2,30,0.0,1024,13,10,294,13,iran
2018-12-15 15:00:00,13,7,0.0,8.7,3,51,01:28 PM,12:15 AM,08:07 AM,05:53 PM,-5,13,14,13,12,5,26,0.0,1023,13,10,303,11,iran
2018-12-15 18:00:00,13,7,0.0,8.7,3,51,01:28 PM,12:15 AM,08:07 AM,05:53 PM,-5,11,12,11,9,8,31,0.0,1025,11,10,339,6,iran
2018-12-15 21:00:00,13,7,0.0,8.7,3,51,01:28 PM,12:15 AM,08:07 AM,05:53 PM,-8,10,10,10,10,15,27,0.0,1025,9,10,18,5,iran
2018-12-16 00:00:00,12,7,0.0,8.7,3,58,01:57 PM,01:11 AM,08:08 AM,05:53 PM,-9,9,9,9,11,11,26,0.0,1025,8,10,64,6,iran
2018-12-16 03:00:00,12,7,0.0,8.7,3,58,01:57 PM,01:11 AM,08:08 AM,05:53 PM,-9,8,9,8,11,6,26,0.0,1025,7,10,53,7,iran
2018-12-16 06:00:00,12,7,0.0,8.7,3,58,01:57 PM,01:11 AM,08:08 AM,05:53 PM,-6,9,10,9,7,2,33,0.0,1026,7,10,53,5,iran
2018-12-16 09:00:00,12,7,0.0,8.7,3,58,01:57 PM,01:11 AM,08:08 AM,05:53 PM,-3,12,12,12,6,4,35,0.0,1026,10,10,62,5,iran
2018-12-16 12:00:00,12,7,0.0,8.7,3,58,01:57 PM,01:11 AM,08:08 AM,05:53 PM,-1,15,14,15,4,3,34,0.0,1024,11,10,106,3,iran
2018-12-16 15:00:00,12,7,0.0,8.7,3,58,01:57 PM,01:11 AM,08:08 AM,05:53 PM,-0,16,16,16,2,2,33,0.0,1024,12,10,171,2,iran
2018-12-16 18:00:00,12,7,0.0,8.7,3,58,01:57 PM,01:11 AM,08:08 AM,05:53 PM,-3,10,10,10,2,44,40,0.0,1025,10,10,159,1,iran
2018-12-16 21:00:00,12,7,0.0,8.7,3,58,01:57 PM,01:11 AM,08:08 AM,05:53 PM,-3,9,9,9,2,100,42,0.0,1026,9,10,167,1,iran
2018-12-17 00:00:00,11,6,0.0,7.0,3,65,02:27 PM,02:08 AM,08:08 AM,05:53 PM,-3,8,8,8,3,37,44,0.0,1025,8,10,92,2,iran
2018-12-17 03:00:00,11,6,0.0,7.0,3,65,02:27 PM,02:08 AM,08:08 AM,05:53 PM,-4,8,8,8,6,46,45,0.0,1024,7,10,72,3,iran
2018-12-17 06:00:00,11,6,0.0,7.0,3,65,02:27 PM,02:08 AM,08:08 AM,05:53 PM,-4,7,7,7,5,33,45,0.0,1024,6,10,79,3,iran
2018-12-17 09:00:00,11,6,0.0,7.0,3,65,02:27 PM,02:08 AM,08:08 AM,05:53 PM,-4,12,11,12,5,7,34,0.0,1024,10,10,117,4,iran
2018-12-17 12:00:00,11,6,0.0,7.0,3,65,02:27 PM,02:08 AM,08:08 AM,05:53 PM,-4,12,12,12,5,47,32,0.0,1022,11,10,81,4,iran
2018-12-17 15:00:00,11,6,0.0,7.0,3,65,02:27 PM,02:08 AM,08:08 AM,05:53 PM,-5,11,12,11,8,79,30,0.0,1021,11,10,31,6,iran
2018-12-17 18:00:00,11,6,0.0,7.0,3,65,02:27 PM,02:08 AM,08:08 AM,05:53 PM,-3,11,11,11,2,50,38,0.2,1021,11,5,46,1,iran
2018-12-17 21:00:00,11,6,0.0,7.0,3,65,02:27 PM,02:08 AM,08:08 AM,05:53 PM,-2,11,11,11,6,12,40,0.0,1021,10,10,90,5,iran
2018-12-18 00:00:00,10,7,0.0,8.7,2,72,02:59 PM,03:08 AM,08:09 AM,05:54 PM,-2,9,10,9,11,56,43,0.3,1021,10,5,59,8,iran
2018-12-18 03:00:00,10,7,0.0,8.7,2,72,02:59 PM,03:08 AM,08:09 AM,05:54 PM,2,8,8,8,5,100,68,0.0,1022,7,10,304,4,iran
2018-12-18 06:00:00,10,7,0.0,8.7,2,72,02:59 PM,03:08 AM,08:09 AM,05:54 PM,3,8,8,8,3,64,71,1.7,1022,7,9,266,3,iran
2018-12-18 09:00:00,10,7,0.0,8.7,2,72,02:59 PM,03:08 AM,08:09 AM,05:54 PM,3,8,8,8,2,54,69,0.0,1021,8,10,43,1,iran
2018-12-18 12:00:00,10,7,0.0,8.7,2,72,02:59 PM,03:08 AM,08:09 AM,05:54 PM,3,9,10,9,8,31,59,0.0,1019,10,10,334,7,iran
2018-12-18 15:00:00,10,7,0.0,8.7,2,72,02:59 PM,03:08 AM,08:09 AM,05:54 PM,2,8,10,8,28,16,56,0.0,1019,10,10,310,23,iran
2018-12-18 18:00:00,10,7,0.0,8.7,2,72,02:59 PM,03:08 AM,08:09 AM,05:54 PM,1,7,10,7,33,6,55,0.0,1021,10,10,300,22,iran
2018-12-18 21:00:00,10,7,0.0,8.7,2,72,02:59 PM,03:08 AM,08:09 AM,05:54 PM,1,5,8,5,30,6,58,0.0,1023,8,10,299,19,iran
2018-12-19 00:00:00,11,6,0.0,8.7,3,80,03:33 PM,04:09 AM,08:09 AM,05:54 PM,1,6,8,6,20,5,60,0.0,1024,8,10,298,13,iran
2018-12-19 03:00:00,11,6,0.0,8.7,3,80,03:33 PM,04:09 AM,08:09 AM,05:54 PM,0,6,8,6,15,4,57,0.0,1024,7,10,306,10,iran
2018-12-19 06:00:00,11,6,0.0,8.7,3,80,03:33 PM,04:09 AM,08:09 AM,05:54 PM,-0,6,8,6,15,3,56,0.0,1025,6,10,300,10,iran
2018-12-19 09:00:00,11,6,0.0,8.7,3,80,03:33 PM,04:09 AM,08:09 AM,05:54 PM,-1,8,10,8,13,3,45,0.0,1026,9,10,305,12,iran
2018-12-19 12:00:00,11,6,0.0,8.7,3,80,03:33 PM,04:09 AM,08:09 AM,05:54 PM,-2,11,12,11,11,4,37,0.0,1025,11,10,302,9,iran
2018-12-19 15:00:00,11,6,0.0,8.7,3,80,03:33 PM,04:09 AM,08:09 AM,05:54 PM,-1,13,13,13,5,5,37,0.0,1024,11,10,307,5,iran
2018-12-19 18:00:00,11,6,0.0,8.7,3,80,03:33 PM,04:09 AM,08:09 AM,05:54 PM,-1,11,11,11,6,5,43,0.0,1025,9,10,64,5,iran
2018-12-19 21:00:00,11,6,0.0,8.7,3,80,03:33 PM,04:09 AM,08:09 AM,05:54 PM,-2,8,9,8,10,7,44,0.0,1026,8,10,89,7,iran
2018-12-20 00:00:00,10,6,0.0,7.0,3,87,04:12 PM,05:13 AM,08:10 AM,05:54 PM,-3,7,8,7,11,8,44,0.0,1026,7,10,74,7,iran
2018-12-20 03:00:00,10,6,0.0,7.0,3,87,04:12 PM,05:13 AM,08:10 AM,05:54 PM,-3,6,8,6,11,11,47,0.0,1026,7,10,85,8,iran
2018-12-20 06:00:00,10,6,0.0,7.0,3,87,04:12 PM,05:13 AM,08:10 AM,05:54 PM,-1,7,7,7,5,10,56,0.0,1026,6,10,84,3,iran
2018-12-20 09:00:00,10,6,0.0,7.0,3,87,04:12 PM,05:13 AM,08:10 AM,05:54 PM,-0,9,10,9,6,11,50,0.0,1025,8,10,107,5,iran
2018-12-20 12:00:00,10,6,0.0,7.0,3,87,04:12 PM,05:13 AM,08:10 AM,05:54 PM,-1,9,11,9,14,7,44,0.0,1022,10,10,108,12,iran
2018-12-20 15:00:00,10,6,0.0,7.0,3,87,04:12 PM,05:13 AM,08:10 AM,05:54 PM,-1,9,10,9,8,100,46,0.0,1021,10,10,111,7,iran
2018-12-20 18:00:00,10,6,0.0,7.0,3,87,04:12 PM,05:13 AM,08:10 AM,05:54 PM,-1,7,9,7,15,21,50,1.0,1021,9,9,50,12,iran
2018-12-20 21:00:00,10,6,0.0,7.0,3,87,04:12 PM,05:13 AM,08:10 AM,05:54 PM,1,8,8,8,4,78,60,0.0,1021,8,10,26,3,iran
2018-12-21 00:00:00,10,6,0.0,8.7,2,94,04:57 PM,06:19 AM,08:10 AM,05:55 PM,1,7,8,7,7,44,62,1.1,1021,7,9,144,5,iran
2018-12-21 03:00:00,10,6,0.0,8.7,2,94,04:57 PM,06:19 AM,08:10 AM,05:55 PM,1,7,7,7,6,46,65,0.0,1021,6,10,31,4,iran
2018-12-21 06:00:00,10,6,0.0,8.7,2,94,04:57 PM,06:19 AM,08:10 AM,05:55 PM,0,6,7,6,7,30,63,0.0,1021,6,10,353,5,iran
2018-12-21 09:00:00,10,6,0.0,8.7,2,94,04:57 PM,06:19 AM,08:10 AM,05:55 PM,0,7,9,7,10,16,54,0.0,1022,8,10,305,9,iran
2018-12-21 12:00:00,10,6,0.0,8.7,2,94,04:57 PM,06:19 AM,08:10 AM,05:55 PM,-2,9,11,9,15,7,42,0.0,1020,10,10,308,13,iran
2018-12-21 15:00:00,10,6,0.0,8.7,2,94,04:57 PM,06:19 AM,08:10 AM,05:55 PM,-3,8,11,8,19,43,37,0.0,1019,10,10,310,16,iran
2018-12-21 18:00:00,10,6,0.0,8.7,2,94,04:57 PM,06:19 AM,08:10 AM,05:55 PM,-4,8,10,8,22,44,39,0.0,1020,10,10,304,15,iran
2018-12-21 21:00:00,10,6,0.0,8.7,2,94,04:57 PM,06:19 AM,08:10 AM,05:55 PM,-1,4,7,4,22,75,55,0.0,1021,7,10,297,17,iran
2018-12-22 00:00:00,8,4,0.0,8.7,2,100,05:49 PM,07:28 AM,08:11 AM,05:55 PM,-2,3,6,3,25,82,55,0.0,1022,6,10,310,18,iran
2018-12-22 03:00:00,8,4,0.0,8.7,2,100,05:49 PM,07:28 AM,08:11 AM,05:55 PM,-3,2,5,2,21,52,57,0.0,1021,5,10,305,15,iran
2018-12-22 06:00:00,8,4,0.0,8.7,2,100,05:49 PM,07:28 AM,08:11 AM,05:55 PM,-3,1,4,1,23,10,57,0.0,1023,4,10,313,16,iran
2018-12-22 09:00:00,8,4,0.0,8.7,2,100,05:49 PM,07:28 AM,08:11 AM,05:55 PM,-4,2,6,2,19,6,50,0.0,1023,6,10,306,17,iran
2018-12-22 12:00:00,8,4,0.0,8.7,2,100,05:49 PM,07:28 AM,08:11 AM,05:55 PM,-3,6,8,6,14,6,43,0.0,1022,8,10,308,12,iran
2018-12-22 15:00:00,8,4,0.0,8.7,2,100,05:49 PM,07:28 AM,08:11 AM,05:55 PM,-3,8,9,8,8,8,42,0.0,1020,8,10,314,7,iran
2018-12-22 18:00:00,8,4,0.0,8.7,2,100,05:49 PM,07:28 AM,08:11 AM,05:55 PM,-2,7,8,7,6,6,49,0.0,1022,6,10,324,5,iran
2018-12-22 21:00:00,8,4,0.0,8.7,2,100,05:49 PM,07:28 AM,08:11 AM,05:55 PM,-2,7,7,7,4,5,54,0.0,1022,5,10,355,4,iran
2018-12-23 00:00:00,8,3,0.0,8.7,3,100,06:49 PM,08:33 AM,08:11 AM,05:56 PM,-2,6,6,6,4,6,56,0.0,1022,4,10,5,3,iran
2018-12-23 03:00:00,8,3,0.0,8.7,3,100,06:49 PM,08:33 AM,08:11 AM,05:56 PM,-2,5,5,5,4,8,57,0.0,1021,4,10,15,3,iran
2018-12-23 06:00:00,8,3,0.0,8.7,3,100,06:49 PM,08:33 AM,08:11 AM,05:56 PM,-3,5,5,5,2,8,56,0.0,1022,3,10,324,1,iran
2018-12-23 09:00:00,8,3,0.0,8.7,3,100,06:49 PM,08:33 AM,08:11 AM,05:56 PM,-4,7,7,7,3,8,46,0.0,1023,5,10,284,3,iran
2018-12-23 12:00:00,8,3,0.0,8.7,3,100,06:49 PM,08:33 AM,08:11 AM,05:56 PM,-4,8,8,8,5,7,41,0.0,1021,7,10,286,4,iran
2018-12-23 15:00:00,8,3,0.0,8.7,3,100,06:49 PM,08:33 AM,08:11 AM,05:56 PM,-4,7,9,7,10,6,39,0.0,1020,8,10,297,8,iran
2018-12-23 18:00:00,8,3,0.0,8.7,3,100,06:49 PM,08:33 AM,08:11 AM,05:56 PM,-4,7,8,7,6,6,43,0.0,1021,6,10,315,5,iran
2018-12-23 21:00:00,8,3,0.0,8.7,3,100,06:49 PM,08:33 AM,08:11 AM,05:56 PM,-4,7,7,7,3,6,46,0.0,1021,5,10,336,2,iran
2018-12-24 00:00:00,9,3,0.0,8.7,3,84,07:55 PM,09:35 AM,08:12 AM,05:56 PM,-4,6,6,6,1,5,48,0.0,1021,4,10,100,1,iran
2018-12-24 03:00:00,9,3,0.0,8.7,3,84,07:55 PM,09:35 AM,08:12 AM,05:56 PM,-3,6,6,6,1,4,50,0.0,1020,4,10,107,1,iran
2018-12-24 06:00:00,9,3,0.0,8.7,3,84,07:55 PM,09:35 AM,08:12 AM,05:56 PM,-3,6,6,6,3,2,50,0.0,1020,3,10,156,2,iran
2018-12-24 09:00:00,9,3,0.0,8.7,3,84,07:55 PM,09:35 AM,08:12 AM,05:56 PM,-4,7,8,7,5,6,42,0.0,1019,6,10,155,4,iran
2018-12-24 12:00:00,9,3,0.0,8.7,3,84,07:55 PM,09:35 AM,08:12 AM,05:56 PM,-5,9,9,9,6,10,36,0.0,1017,8,10,138,5,iran
2018-12-24 15:00:00,9,3,0.0,8.7,3,84,07:55 PM,09:35 AM,08:12 AM,05:56 PM,-6,9,9,9,6,22,34,0.0,1015,9,10,136,5,iran
2018-12-24 18:00:00,9,3,0.0,8.7,3,84,07:55 PM,09:35 AM,08:12 AM,05:56 PM,-4,9,9,9,3,4,39,0.0,1017,7,10,109,3,iran
2018-12-24 21:00:00,9,3,0.0,8.7,3,84,07:55 PM,09:35 AM,08:12 AM,05:56 PM,-4,9,9,9,2,0,40,0.0,1018,6,10,360,2,iran
2018-12-25 00:00:00,9,5,0.0,8.7,3,77,09:05 PM,10:30 AM,08:12 AM,05:57 PM,-8,5,6,5,11,26,36,0.0,1019,6,10,313,6,iran
2018-12-25 03:00:00,9,5,0.0,8.7,3,77,09:05 PM,10:30 AM,08:12 AM,05:57 PM,-7,3,6,3,20,13,40,0.0,1021,5,10,302,12,iran
2018-12-25 06:00:00,9,5,0.0,8.7,3,77,09:05 PM,10:30 AM,08:12 AM,05:57 PM,-5,1,5,1,30,6,50,0.0,1022,5,10,298,17,iran
2018-12-25 09:00:00,9,5,0.0,8.7,3,77,09:05 PM,10:30 AM,08:12 AM,05:57 PM,-5,3,6,3,24,4,44,0.0,1023,6,10,299,19,iran
2018-12-25 12:00:00,9,5,0.0,8.7,3,77,09:05 PM,10:30 AM,08:12 AM,05:57 PM,-5,7,9,7,19,3,36,0.0,1021,9,10,288,16,iran
2018-12-25 15:00:00,9,5,0.0,8.7,3,77,09:05 PM,10:30 AM,08:12 AM,05:57 PM,-6,8,10,8,16,0,32,0.0,1019,9,10,298,14,iran
2018-12-25 18:00:00,9,5,0.0,8.7,3,77,09:05 PM,10:30 AM,08:12 AM,05:57 PM,-5,9,10,9,8,0,34,0.0,1020,7,10,290,7,iran
2018-12-25 21:00:00,9,5,0.0,8.7,3,77,09:05 PM,10:30 AM,08:12 AM,05:57 PM,-7,8,9,8,9,0,31,0.0,1020,7,10,317,7,iran
2018-12-26 00:00:00,12,5,0.0,8.7,3,69,10:15 PM,11:18 AM,08:13 AM,05:58 PM,-8,9,9,9,5,0,29,0.0,1020,6,10,298,4,iran
2018-12-26 03:00:00,12,5,0.0,8.7,3,69,10:15 PM,11:18 AM,08:13 AM,05:58 PM,-8,9,10,9,9,0,29,0.0,1020,6,10,309,7,iran
2018-12-26 06:00:00,12,5,0.0,8.7,3,69,10:15 PM,11:18 AM,08:13 AM,05:58 PM,-7,9,10,9,6,0,30,0.0,1020,5,10,286,5,iran
2018-12-26 09:00:00,12,5,0.0,8.7,3,69,10:15 PM,11:18 AM,08:13 AM,05:58 PM,-6,14,14,14,3,0,24,0.0,1019,9,10,262,3,iran
2018-12-26 12:00:00,12,5,0.0,8.7,3,69,10:15 PM,11:18 AM,08:13 AM,05:58 PM,-8,16,16,16,2,0,19,0.0,1018,12,10,195,2,iran
2018-12-26 15:00:00,12,5,0.0,8.7,3,69,10:15 PM,11:18 AM,08:13 AM,05:58 PM,-8,17,17,17,4,0,17,0.0,1017,12,10,197,4,iran
2018-12-26 18:00:00,12,5,0.0,8.7,3,69,10:15 PM,11:18 AM,08:13 AM,05:58 PM,-8,13,13,13,1,0,23,0.0,1018,9,10,133,1,iran
2018-12-26 21:00:00,12,5,0.0,8.7,3,69,10:15 PM,11:18 AM,08:13 AM,05:58 PM,-9,11,11,11,3,0,23,0.0,1019,8,10,31,2,iran
2018-12-27 00:00:00,13,7,0.0,8.7,4,62,11:24 PM,12:00 PM,08:13 AM,05:58 PM,-11,9,9,9,5,4,22,0.0,1019,7,10,27,2,iran
2018-12-27 03:00:00,13,7,0.0,8.7,4,62,11:24 PM,12:00 PM,08:13 AM,05:58 PM,-9,10,10,10,6,11,26,0.0,1018,8,10,67,3,iran
2018-12-27 06:00:00,13,7,0.0,8.7,4,62,11:24 PM,12:00 PM,08:13 AM,05:58 PM,-7,10,10,10,5,11,30,0.0,1018,8,10,111,3,iran
2018-12-27 09:00:00,13,7,0.0,8.7,4,62,11:24 PM,12:00 PM,08:13 AM,05:58 PM,-6,12,12,12,6,10,27,0.0,1018,11,10,124,5,iran
2018-12-27 12:00:00,13,7,0.0,8.7,4,62,11:24 PM,12:00 PM,08:13 AM,05:58 PM,-5,13,14,13,12,10,26,0.0,1015,13,10,119,10,iran
2018-12-27 15:00:00,13,7,0.0,8.7,4,62,11:24 PM,12:00 PM,08:13 AM,05:58 PM,-4,14,15,14,13,2,27,0.0,1014,13,10,112,11,iran
2018-12-27 18:00:00,13,7,0.0,8.7,4,62,11:24 PM,12:00 PM,08:13 AM,05:58 PM,-4,11,12,11,10,5,33,0.0,1014,10,10,119,7,iran
2018-12-27 21:00:00,13,7,0.0,8.7,4,62,11:24 PM,12:00 PM,08:13 AM,05:58 PM,-5,10,10,10,8,22,36,0.0,1013,9,10,124,4,iran
2018-12-28 00:00:00,12,7,0.0,7.0,3,55,No moonrise,12:37 PM,08:13 AM,05:59 PM,-5,9,9,9,5,15,37,0.0,1012,8,10,122,3,iran
2018-12-28 03:00:00,12,7,0.0,7.0,3,55,No moonrise,12:37 PM,08:13 AM,05:59 PM,-4,9,9,9,4,20,40,0.0,1012,7,10,53,3,iran
2018-12-28 06:00:00,12,7,0.0,7.0,3,55,No moonrise,12:37 PM,08:13 AM,05:59 PM,-5,9,9,9,2,27,39,0.0,1013,8,10,17,1,iran
2018-12-28 09:00:00,12,7,0.0,7.0,3,55,No moonrise,12:37 PM,08:13 AM,05:59 PM,-3,9,11,9,11,17,39,0.0,1013,10,10,17,10,iran
2018-12-28 12:00:00,12,7,0.0,7.0,3,55,No moonrise,12:37 PM,08:13 AM,05:59 PM,-2,12,13,12,9,46,36,0.0,1010,12,10,58,8,iran
2018-12-28 15:00:00,12,7,0.0,7.0,3,55,No moonrise,12:37 PM,08:13 AM,05:59 PM,-0,9,11,9,16,95,46,0.0,1009,11,10,54,13,iran
2018-12-28 18:00:00,12,7,0.0,7.0,3,55,No moonrise,12:37 PM,08:13 AM,05:59 PM,2,7,9,7,16,46,61,0.6,1011,9,5,14,12,iran
2018-12-28 21:00:00,12,7,0.0,7.0,3,55,No moonrise,12:37 PM,08:13 AM,05:59 PM,2,7,8,7,8,45,67,0.0,1013,7,10,11,6,iran
2018-12-29 00:00:00,9,5,0.0,9.9,3,48,12:30 AM,01:12 PM,08:14 AM,06:00 PM,1,4,7,4,17,14,68,0.0,1015,6,10,331,12,iran
2018-12-29 03:00:00,9,5,0.0,9.9,3,48,12:30 AM,01:12 PM,08:14 AM,06:00 PM,-3,2,6,2,28,2,55,0.0,1017,5,10,314,17,iran
2018-12-29 06:00:00,9,5,0.0,9.9,3,48,12:30 AM,01:12 PM,08:14 AM,06:00 PM,-4,2,5,2,25,0,54,0.0,1018,5,10,306,16,iran
2018-12-29 09:00:00,9,5,0.0,9.9,3,48,12:30 AM,01:12 PM,08:14 AM,06:00 PM,-7,3,7,3,26,2,38,0.0,1019,7,10,303,21,iran
2018-12-29 12:00:00,9,5,0.0,9.9,3,48,12:30 AM,01:12 PM,08:14 AM,06:00 PM,-8,6,9,6,24,3,30,0.0,1018,9,10,305,21,iran
2018-12-29 15:00:00,9,5,0.0,9.9,3,48,12:30 AM,01:12 PM,08:14 AM,06:00 PM,-7,5,9,5,27,15,33,0.0,1018,8,10,307,22,iran
2018-12-29 18:00:00,9,5,0.0,9.9,3,48,12:30 AM,01:12 PM,08:14 AM,06:00 PM,-7,4,7,4,20,4,35,0.0,1021,7,10,329,14,iran
2018-12-29 21:00:00,9,5,0.0,9.9,3,48,12:30 AM,01:12 PM,08:14 AM,06:00 PM,-8,5,7,5,12,2,32,0.0,1021,6,10,337,9,iran
2018-12-30 00:00:00,9,3,0.0,9.9,3,40,01:35 AM,01:45 PM,08:14 AM,06:00 PM,-8,6,7,6,8,2,33,0.0,1022,5,10,342,6,iran
2018-12-30 03:00:00,9,3,0.0,9.9,3,40,01:35 AM,01:45 PM,08:14 AM,06:00 PM,-7,7,7,7,3,3,35,0.0,1022,4,10,357,3,iran
2018-12-30 06:00:00,9,3,0.0,9.9,3,40,01:35 AM,01:45 PM,08:14 AM,06:00 PM,-8,5,6,5,8,3,36,0.0,1022,3,10,34,5,iran
2018-12-30 09:00:00,9,3,0.0,9.9,3,40,01:35 AM,01:45 PM,08:14 AM,06:00 PM,-8,7,8,7,6,6,30,0.0,1022,6,10,57,5,iran
2018-12-30 12:00:00,9,3,0.0,9.9,3,40,01:35 AM,01:45 PM,08:14 AM,06:00 PM,-7,9,10,9,8,4,29,0.0,1020,8,10,86,7,iran
2018-12-30 15:00:00,9,3,0.0,9.9,3,40,01:35 AM,01:45 PM,08:14 AM,06:00 PM,-5,12,12,12,8,2,29,0.0,1019,9,10,109,7,iran
2018-12-30 18:00:00,9,3,0.0,9.9,3,40,01:35 AM,01:45 PM,08:14 AM,06:00 PM,-8,7,8,7,9,22,31,0.0,1021,7,10,78,6,iran
2018-12-30 21:00:00,9,3,0.0,9.9,3,40,01:35 AM,01:45 PM,08:14 AM,06:00 PM,-10,6,7,6,8,32,30,0.0,1021,6,10,52,5,iran
2018-12-31 00:00:00,9,4,0.0,9.9,3,36,02:37 AM,02:18 PM,08:14 AM,06:01 PM,-10,5,6,5,8,32,32,0.0,1021,5,10,19,4,iran
2018-12-31 03:00:00,9,4,0.0,9.9,3,36,02:37 AM,02:18 PM,08:14 AM,06:01 PM,-8,5,6,5,9,4,35,0.0,1021,4,10,345,6,iran
2018-12-31 06:00:00,9,4,0.0,9.9,3,36,02:37 AM,02:18 PM,08:14 AM,06:01 PM,-8,4,6,4,10,5,38,0.0,1022,4,10,346,6,iran
2018-12-31 09:00:00,9,4,0.0,9.9,3,36,02:37 AM,02:18 PM,08:14 AM,06:01 PM,-7,8,8,8,6,7,32,0.0,1022,7,10,317,5,iran
2018-12-31 12:00:00,9,4,0.0,9.9,3,36,02:37 AM,02:18 PM,08:14 AM,06:01 PM,-8,9,10,9,8,4,28,0.0,1020,9,10,309,7,iran
2018-12-31 15:00:00,9,4,0.0,9.9,3,36,02:37 AM,02:18 PM,08:14 AM,06:01 PM,-6,11,12,11,11,2,27,0.0,1019,9,10,297,10,iran
2018-12-31 18:00:00,9,4,0.0,9.9,3,36,02:37 AM,02:18 PM,08:14 AM,06:01 PM,-6,10,10,10,7,0,31,0.0,1021,7,10,333,6,iran
2018-12-31 21:00:00,9,4,0.0,9.9,3,36,02:37 AM,02:18 PM,08:14 AM,06:01 PM,-9,6,7,6,11,3,29,0.0,1022,6,10,350,8,iran
2019-01-01 00:00:00,11,5,0.0,9.9,3,26,03:39 AM,02:52 PM,08:14 AM,06:02 PM,-12,7,8,7,12,4,23,0.0,1023,8,10,338,9,iran
2019-01-01 03:00:00,11,5,0.0,9.9,3,26,03:39 AM,02:52 PM,08:14 AM,06:02 PM,-10,5,7,5,14,3,29,0.0,1024,7,10,323,10,iran
2019-01-01 06:00:00,11,5,0.0,9.9,3,26,03:39 AM,02:52 PM,08:14 AM,06:02 PM,-8,2,5,2,24,4,38,0.0,1024,5,10,308,13,iran
2019-01-01 09:00:00,11,5,0.0,9.9,3,26,03:39 AM,02:52 PM,08:14 AM,06:02 PM,-9,4,7,4,22,20,32,0.0,1024,7,10,298,15,iran
2019-01-01 12:00:00,11,5,0.0,9.9,3,26,03:39 AM,02:52 PM,08:14 AM,06:02 PM,-10,7,10,7,22,4,24,0.0,1022,10,10,295,18,iran
2019-01-01 15:00:00,11,5,0.0,9.9,3,26,03:39 AM,02:52 PM,08:14 AM,06:02 PM,-11,9,11,9,18,29,21,0.0,1021,11,10,301,16,iran
2019-01-01 18:00:00,11,5,0.0,9.9,3,26,03:39 AM,02:52 PM,08:14 AM,06:02 PM,-12,8,9,8,13,29,21,0.0,1023,9,10,330,10,iran
2019-01-01 21:00:00,11,5,0.0,9.9,3,26,03:39 AM,02:52 PM,08:14 AM,06:02 PM,-14,7,8,7,12,12,18,0.0,1023,8,10,355,8,iran
2019-01-02 00:00:00,9,4,0.0,6.6,3,19,04:39 AM,03:28 PM,08:15 AM,06:02 PM,-14,7,8,7,11,6,19,0.0,1022,8,10,5,7,iran
2019-01-02 03:00:00,9,4,0.0,6.6,3,19,04:39 AM,03:28 PM,08:15 AM,06:02 PM,-13,6,7,6,13,6,23,0.0,1022,7,10,13,8,iran
2019-01-02 06:00:00,9,4,0.0,6.6,3,19,04:39 AM,03:28 PM,08:15 AM,06:02 PM,-10,3,5,3,18,18,33,0.0,1021,5,10,17,9,iran
2019-01-02 09:00:00,9,4,0.0,6.6,3,19,04:39 AM,03:28 PM,08:15 AM,06:02 PM,-9,6,7,6,11,93,31,0.0,1021,7,10,26,7,iran
2019-01-02 12:00:00,9,4,0.0,6.6,3,19,04:39 AM,03:28 PM,08:15 AM,06:02 PM,-8,7,9,7,12,68,31,0.1,1020,9,10,29,10,iran
2019-01-02 15:00:00,9,4,0.0,6.6,3,19,04:39 AM,03:28 PM,08:15 AM,06:02 PM,-4,7,8,7,12,52,41,0.0,1019,8,10,20,9,iran
2019-01-02 18:00:00,9,4,0.0,6.6,3,19,04:39 AM,03:28 PM,08:15 AM,06:02 PM,-1,4,6,4,6,70,51,0.6,1020,4,5,7,5,iran
2019-01-02 21:00:00,9,4,0.0,6.6,3,19,04:39 AM,03:28 PM,08:15 AM,06:02 PM,0,0,3,0,5,51,56,0.0,1020,0,10,344,5,iran
2019-01-03 00:00:00,7,2,0.0,4.9,2,11,05:39 AM,04:08 PM,08:15 AM,06:03 PM,1,8,8,8,6,86,58,0.4,1020,8,5,11,5,iran
2019-01-03 03:00:00,7,2,0.0,4.9,2,11,05:39 AM,04:08 PM,08:15 AM,06:03 PM,1,9,9,9,3,77,57,0.3,1019,9,5,353,2,iran
2019-01-03 06:00:00,7,2,0.0,4.9,2,11,05:39 AM,04:08 PM,08:15 AM,06:03 PM,0,5,6,5,9,84,66,0.2,1020,6,10,57,6,iran
2019-01-03 09:00:00,7,2,0.0,4.9,2,11,05:39 AM,04:08 PM,08:15 AM,06:03 PM,0,6,7,6,9,91,60,0.3,1017,7,2,113,6,iran
2019-01-03 12:00:00,7,2,0.0,4.9,2,11,05:39 AM,04:08 PM,08:15 AM,06:03 PM,2,5,5,5,5,100,82,6.6,1016,5,7,53,4,iran
2019-01-03 15:00:00,7,2,0.0,4.9,2,11,05:39 AM,04:08 PM,08:15 AM,06:03 PM,3,5,5,5,5,100,83,15.5,1015,5,5,285,4,iran
2019-01-03 18:00:00,7,2,0.0,4.9,2,11,05:39 AM,04:08 PM,08:15 AM,06:03 PM,2,2,6,2,22,94,79,4.2,1016,2,7,265,14,iran
2019-01-03 21:00:00,7,2,0.0,4.9,2,11,05:39 AM,04:08 PM,08:15 AM,06:03 PM,2,-2,2,-2,21,86,69,5.1,1017,-2,8,281,14,iran
2019-01-04 00:00:00,10,4,0.0,9.9,3,4,06:36 AM,04:51 PM,08:15 AM,06:04 PM,-2,2,6,2,34,4,55,0.0,1019,6,10,295,22,iran
2019-01-04 03:00:00,10,4,0.0,9.9,3,4,06:36 AM,04:51 PM,08:15 AM,06:04 PM,-5,0,5,0,43,2,51,0.0,1021,5,10,300,24,iran
2019-01-04 06:00:00,10,4,0.0,9.9,3,4,06:36 AM,04:51 PM,08:15 AM,06:04 PM,-5,1,4,1,25,0,51,0.0,1023,4,10,294,15,iran
2019-01-04 09:00:00,10,4,0.0,9.9,3,4,06:36 AM,04:51 PM,08:15 AM,06:04 PM,-7,3,6,3,26,0,40,0.0,1023,6,10,292,17,iran
2019-01-04 12:00:00,10,4,0.0,9.9,3,4,06:36 AM,04:51 PM,08:15 AM,06:04 PM,-7,7,9,7,27,0,31,0.0,1022,9,10,290,21,iran
2019-01-04 15:00:00,10,4,0.0,9.9,3,4,06:36 AM,04:51 PM,08:15 AM,06:04 PM,-8,8,10,8,28,0,28,0.0,1021,10,10,295,21,iran
2019-01-04 18:00:00,10,4,0.0,9.9,3,4,06:36 AM,04:51 PM,08:15 AM,06:04 PM,-7,8,10,8,18,0,31,0.0,1022,10,10,298,13,iran
2019-01-04 21:00:00,10,4,0.0,9.9,3,4,06:36 AM,04:51 PM,08:15 AM,06:04 PM,-8,7,9,7,16,5,29,0.0,1023,9,10,301,10,iran
2019-01-05 00:00:00,12,5,0.0,8.3,3,0,07:31 AM,05:38 PM,08:15 AM,06:05 PM,-9,6,8,6,18,9,29,0.0,1023,8,10,316,10,iran
2019-01-05 03:00:00,12,5,0.0,8.3,3,0,07:31 AM,05:38 PM,08:15 AM,06:05 PM,-11,4,6,4,15,41,30,0.0,1022,6,10,328,7,iran
2019-01-05 06:00:00,12,5,0.0,8.3,3,0,07:31 AM,05:38 PM,08:15 AM,06:05 PM,-10,4,5,4,13,100,32,0.0,1023,5,10,310,6,iran
2019-01-05 09:00:00,12,5,0.0,8.3,3,0,07:31 AM,05:38 PM,08:15 AM,06:05 PM,-10,8,8,8,4,99,26,0.0,1023,8,10,307,2,iran
2019-01-05 12:00:00,12,5,0.0,8.3,3,0,07:31 AM,05:38 PM,08:15 AM,06:05 PM,-10,11,11,11,3,91,22,0.0,1021,11,10,164,2,iran
2019-01-05 15:00:00,12,5,0.0,8.3,3,0,07:31 AM,05:38 PM,08:15 AM,06:05 PM,-10,13,12,13,4,9,21,0.0,1019,12,10,113,4,iran
2019-01-05 18:00:00,12,5,0.0,8.3,3,0,07:31 AM,05:38 PM,08:15 AM,06:05 PM,-9,10,10,10,7,36,25,0.0,1019,10,10,79,4,iran
2019-01-05 21:00:00,12,5,0.0,8.3,3,0,07:31 AM,05:38 PM,08:15 AM,06:05 PM,-9,6,9,6,6,7,24,0.0,1018,6,10,45,4,iran
2019-01-06 00:00:00,14,7,0.0,9.9,4,0,08:21 AM,06:29 PM,08:15 AM,06:06 PM,-12,8,9,8,13,6,22,0.0,1018,9,10,37,7,iran
2019-01-06 03:00:00,14,7,0.0,9.9,4,0,08:21 AM,06:29 PM,08:15 AM,06:06 PM,-13,7,8,7,14,7,21,0.0,1017,8,10,36,7,iran
2019-01-06 06:00:00,14,7,0.0,9.9,4,0,08:21 AM,06:29 PM,08:15 AM,06:06 PM,-11,7,7,7,8,14,26,0.0,1017,7,10,77,4,iran
2019-01-06 09:00:00,14,7,0.0,9.9,4,0,08:21 AM,06:29 PM,08:15 AM,06:06 PM,-9,9,9,9,6,7,27,0.0,1015,9,10,106,5,iran
2019-01-06 12:00:00,14,7,0.0,9.9,4,0,08:21 AM,06:29 PM,08:15 AM,06:06 PM,-8,13,13,13,8,4,23,0.0,1013,13,10,86,6,iran
2019-01-06 15:00:00,14,7,0.0,9.9,4,0,08:21 AM,06:29 PM,08:15 AM,06:06 PM,-7,14,14,14,11,5,22,0.0,1010,14,10,62,9,iran
2019-01-06 18:00:00,14,7,0.0,9.9,4,0,08:21 AM,06:29 PM,08:15 AM,06:06 PM,-3,12,12,12,12,8,34,0.0,1011,12,10,44,10,iran
2019-01-06 21:00:00,14,7,0.0,9.9,4,0,08:21 AM,06:29 PM,08:15 AM,06:06 PM,-2,10,11,10,13,12,43,0.0,1011,11,10,35,9,iran
2019-01-07 00:00:00,11,6,0.0,9.9,2,3,09:07 AM,07:22 PM,08:15 AM,06:07 PM,-1,9,10,9,16,76,46,0.1,1011,10,10,21,11,iran
2019-01-07 03:00:00,11,6,0.0,9.9,2,3,09:07 AM,07:22 PM,08:15 AM,06:07 PM,0,7,9,7,18,18,55,0.0,1010,9,10,17,10,iran
2019-01-07 06:00:00,11,6,0.0,9.9,2,3,09:07 AM,07:22 PM,08:15 AM,06:07 PM,-2,4,6,4,20,16,56,0.0,1011,6,10,27,10,iran
2019-01-07 09:00:00,11,6,0.0,9.9,2,3,09:07 AM,07:22 PM,08:15 AM,06:07 PM,-1,8,9,8,8,9,51,0.0,1011,9,10,19,6,iran
2019-01-07 12:00:00,11,6,0.0,9.9,2,3,09:07 AM,07:22 PM,08:15 AM,06:07 PM,-4,8,11,8,33,25,35,0.0,1012,11,10,295,26,iran
2019-01-07 15:00:00,11,6,0.0,9.9,2,3,09:07 AM,07:22 PM,08:15 AM,06:07 PM,-9,7,10,7,40,6,25,0.0,1012,10,10,317,30,iran
2019-01-07 18:00:00,11,6,0.0,9.9,2,3,09:07 AM,07:22 PM,08:15 AM,06:07 PM,-8,3,7,3,39,6,33,0.0,1016,7,10,332,26,iran
2019-01-07 21:00:00,11,6,0.0,9.9,2,3,09:07 AM,07:22 PM,08:15 AM,06:07 PM,-8,3,7,3,27,0,33,0.0,1018,3,10,316,19,iran
2019-01-08 00:00:00,13,5,0.0,9.9,3,10,09:48 AM,08:16 PM,08:15 AM,06:07 PM,-9,5,7,5,17,0,31,0.0,1020,7,10,317,14,iran
2019-01-08 03:00:00,13,5,0.0,9.9,3,10,09:48 AM,08:16 PM,08:15 AM,06:07 PM,-11,4,6,4,15,0,27,0.0,1021,6,10,314,11,iran
2019-01-08 06:00:00,13,5,0.0,9.9,3,10,09:48 AM,08:16 PM,08:15 AM,06:07 PM,-12,3,5,3,16,0,28,0.0,1023,5,10,332,10,iran
2019-01-08 09:00:00,13,5,0.0,9.9,3,10,09:48 AM,08:16 PM,08:15 AM,06:07 PM,-11,7,8,7,9,0,24,0.0,1022,8,10,335,8,iran
2019-01-08 12:00:00,13,5,0.0,9.9,3,10,09:48 AM,08:16 PM,08:15 AM,06:07 PM,-11,12,12,12,6,0,20,0.0,1019,12,10,2,5,iran
2019-01-08 15:00:00,13,5,0.0,9.9,3,10,09:48 AM,08:16 PM,08:15 AM,06:07 PM,-10,13,13,13,7,0,19,0.0,1018,13,10,74,6,iran
2019-01-08 18:00:00,13,5,0.0,9.9,3,10,09:48 AM,08:16 PM,08:15 AM,06:07 PM,-9,10,11,10,9,0,24,0.0,1019,11,10,67,8,iran
2019-01-08 21:00:00,13,5,0.0,9.9,3,10,09:48 AM,08:16 PM,08:15 AM,06:07 PM,-9,9,10,9,10,0,25,0.0,1019,10,10,43,9,iran
2019-01-09 00:00:00,12,6,0.0,9.9,3,18,10:24 AM,09:12 PM,08:15 AM,06:08 PM,-8,7,9,7,12,0,29,0.0,1018,9,10,35,10,iran
2019-01-09 03:00:00,12,6,0.0,9.9,3,18,10:24 AM,09:12 PM,08:15 AM,06:08 PM,-10,4,7,4,21,0,28,0.0,1017,7,10,35,12,iran
2019-01-09 06:00:00,12,6,0.0,9.9,3,18,10:24 AM,09:12 PM,08:15 AM,06:08 PM,-8,3,6,3,16,78,38,0.4,1017,6,5,39,9,iran
2019-01-09 09:00:00,12,6,0.0,9.9,3,18,10:24 AM,09:12 PM,08:15 AM,06:08 PM,-5,6,8,6,13,82,41,0.4,1015,8,5,39,9,iran
2019-01-09 12:00:00,12,6,0.0,9.9,3,18,10:24 AM,09:12 PM,08:15 AM,06:08 PM,-3,9,11,9,12,11,38,0.0,1012,11,10,54,10,iran
2019-01-09 15:00:00,12,6,0.0,9.9,3,18,10:24 AM,09:12 PM,08:15 AM,06:08 PM,-4,12,12,12,5,12,34,0.0,1010,12,10,78,4,iran
2019-01-09 18:00:00,12,6,0.0,9.9,3,18,10:24 AM,09:12 PM,08:15 AM,06:08 PM,-3,9,9,9,7,12,40,0.0,1012,9,10,49,5,iran
2019-01-09 21:00:00,12,6,0.0,9.9,3,18,10:24 AM,09:12 PM,08:15 AM,06:08 PM,-4,8,9,8,6,12,42,0.0,1014,9,10,25,5,iran
2019-01-10 00:00:00,7,3,0.0,9.9,1,25,10:58 AM,10:07 PM,08:15 AM,06:09 PM,-6,3,7,3,33,81,40,0.1,1016,7,10,330,26,iran
2019-01-10 03:00:00,7,3,0.0,9.9,1,25,10:58 AM,10:07 PM,08:15 AM,06:09 PM,-11,-1,4,-1,50,7,33,0.0,1019,4,10,318,33,iran
2019-01-10 06:00:00,7,3,0.0,9.9,1,25,10:58 AM,10:07 PM,08:15 AM,06:09 PM,-9,-3,3,-3,51,0,41,0.0,1021,3,10,303,32,iran
2019-01-10 09:00:00,7,3,0.0,9.9,1,25,10:58 AM,10:07 PM,08:15 AM,06:09 PM,-10,-2,4,-2,45,0,36,0.0,1023,4,10,298,33,iran
2019-01-10 12:00:00,7,3,0.0,9.9,1,25,10:58 AM,10:07 PM,08:15 AM,06:09 PM,-11,1,6,1,38,0,29,0.0,1023,6,10,295,33,iran
2019-01-10 15:00:00,7,3,0.0,9.9,1,25,10:58 AM,10:07 PM,08:15 AM,06:09 PM,-11,2,7,2,39,0,26,0.0,1023,7,10,296,30,iran
2019-01-10 18:00:00,7,3,0.0,9.9,1,25,10:58 AM,10:07 PM,08:15 AM,06:09 PM,-12,1,5,1,36,17,28,0.0,1025,5,10,304,22,iran
2019-01-10 21:00:00,7,3,0.0,9.9,1,25,10:58 AM,10:07 PM,08:15 AM,06:09 PM,-11,3,7,3,21,21,31,0.0,1026,3,10,311,14,iran
2019-01-11 00:00:00,10,2,0.0,10.0,3,32,11:29 AM,11:02 PM,08:15 AM,06:10 PM,-9,4,6,4,12,3,33,0.0,1026,6,10,317,10,iran
2019-01-11 03:00:00,10,2,0.0,10.0,3,32,11:29 AM,11:02 PM,08:15 AM,06:10 PM,-10,3,4,3,7,12,35,0.0,1026,4,10,327,5,iran
2019-01-11 06:00:00,10,2,0.0,10.0,3,32,11:29 AM,11:02 PM,08:15 AM,06:10 PM,-11,2,2,2,3,32,36,0.0,1026,2,10,318,1,iran
2019-01-11 09:00:00,10,2,0.0,10.0,3,32,11:29 AM,11:02 PM,08:15 AM,06:10 PM,-10,5,5,5,3,5,33,0.0,1026,5,10,122,3,iran
2019-01-11 12:00:00,10,2,0.0,10.0,3,32,11:29 AM,11:02 PM,08:15 AM,06:10 PM,-7,7,8,7,6,0,35,0.0,1024,8,10,157,5,iran
2019-01-11 15:00:00,10,2,0.0,10.0,3,32,11:29 AM,11:02 PM,08:15 AM,06:10 PM,-6,10,10,10,5,0,33,0.0,1023,10,10,167,4,iran
2019-01-11 18:00:00,10,2,0.0,10.0,3,32,11:29 AM,11:02 PM,08:15 AM,06:10 PM,-3,10,10,10,4,0,39,0.0,1025,10,10,159,4,iran
2019-01-11 21:00:00,10,2,0.0,10.0,3,32,11:29 AM,11:02 PM,08:15 AM,06:10 PM,-2,9,9,9,3,0,44,0.0,1025,9,10,135,3,iran
2019-01-12 00:00:00,8,1,0.0,10.0,3,39,11:58 AM,11:58 PM,08:15 AM,06:11 PM,-2,9,9,9,3,0,48,0.0,1025,9,10,94,3,iran
2019-01-12 03:00:00,8,1,0.0,10.0,3,39,11:58 AM,11:58 PM,08:15 AM,06:11 PM,-6,4,4,4,4,33,49,0.0,1024,4,10,81,3,iran
2019-01-12 06:00:00,8,1,0.0,10.0,3,39,11:58 AM,11:58 PM,08:15 AM,06:11 PM,-7,1,1,1,5,66,54,0.0,1024,1,10,81,3,iran
2019-01-12 09:00:00,8,1,0.0,10.0,3,39,11:58 AM,11:58 PM,08:15 AM,06:11 PM,-9,4,4,4,5,34,39,0.0,1023,4,10,107,4,iran
2019-01-12 12:00:00,8,1,0.0,10.0,3,39,11:58 AM,11:58 PM,08:15 AM,06:11 PM,-11,6,7,6,6,7,26,0.0,1020,7,10,110,6,iran
2019-01-12 15:00:00,8,1,0.0,10.0,3,39,11:58 AM,11:58 PM,08:15 AM,06:11 PM,-12,7,8,7,6,21,24,0.0,1018,8,10,124,5,iran
2019-01-12 18:00:00,8,1,0.0,10.0,3,39,11:58 AM,11:58 PM,08:15 AM,06:11 PM,-10,7,7,7,3,8,27,0.0,1019,7,10,142,2,iran
2019-01-12 21:00:00,8,1,0.0,10.0,3,39,11:58 AM,11:58 PM,08:15 AM,06:11 PM,-8,5,9,5,1,2,30,0.0,1019,5,10,112,1,iran
2019-01-13 00:00:00,11,3,0.0,6.6,3,47,12:27 PM,No moonset,08:14 AM,06:12 PM,-9,7,7,7,3,3,30,0.0,1019,7,10,3,2,iran
2019-01-13 03:00:00,11,3,0.0,6.6,3,47,12:27 PM,No moonset,08:14 AM,06:12 PM,-11,6,6,6,5,4,28,0.0,1018,6,10,346,3,iran
2019-01-13 06:00:00,11,3,0.0,6.6,3,47,12:27 PM,No moonset,08:14 AM,06:12 PM,-14,3,3,3,6,30,28,0.0,1018,3,10,359,3,iran
2019-01-13 09:00:00,11,3,0.0,6.6,3,47,12:27 PM,No moonset,08:14 AM,06:12 PM,-13,6,6,6,4,70,23,0.0,1017,6,10,121,3,iran
2019-01-13 12:00:00,11,3,0.0,6.6,3,47,12:27 PM,No moonset,08:14 AM,06:12 PM,-12,8,9,8,11,68,20,0.0,1013,9,10,107,8,iran
2019-01-13 15:00:00,11,3,0.0,6.6,3,47,12:27 PM,No moonset,08:14 AM,06:12 PM,-11,10,11,10,11,86,20,0.0,1011,11,10,118,8,iran
2019-01-13 18:00:00,11,3,0.0,6.6,3,47,12:27 PM,No moonset,08:14 AM,06:12 PM,-7,9,9,9,9,12,31,0.0,1012,9,10,102,6,iran
2019-01-13 21:00:00,11,3,0.0,6.6,3,47,12:27 PM,No moonset,08:14 AM,06:12 PM,-4,5,7,5,8,85,38,0.1,1013,5,10,69,6,iran
2019-01-14 00:00:00,11,6,0.0,8.3,3,54,12:57 PM,12:54 AM,08:14 AM,06:13 PM,-2,8,9,8,8,24,46,0.0,1012,9,10,64,5,iran
2019-01-14 03:00:00,11,6,0.0,8.3,3,54,12:57 PM,12:54 AM,08:14 AM,06:13 PM,-1,8,9,8,13,18,48,0.0,1011,9,10,48,8,iran
2019-01-14 06:00:00,11,6,0.0,8.3,3,54,12:57 PM,12:54 AM,08:14 AM,06:13 PM,1,6,6,6,2,82,69,0.5,1012,6,9,95,1,iran
2019-01-14 09:00:00,11,6,0.0,8.3,3,54,12:57 PM,12:54 AM,08:14 AM,06:13 PM,1,6,7,6,12,75,64,0.8,1011,7,9,71,9,iran
2019-01-14 12:00:00,11,6,0.0,8.3,3,54,12:57 PM,12:54 AM,08:14 AM,06:13 PM,2,8,10,8,16,18,56,0.0,1008,10,10,103,13,iran
2019-01-14 15:00:00,11,6,0.0,8.3,3,54,12:57 PM,12:54 AM,08:14 AM,06:13 PM,2,9,11,9,21,14,52,0.0,1008,11,10,92,15,iran
2019-01-14 18:00:00,11,6,0.0,8.3,3,54,12:57 PM,12:54 AM,08:14 AM,06:13 PM,3,7,9,7,14,82,65,1.2,1010,9,9,343,10,iran
2019-01-14 21:00:00,11,6,0.0,8.3,3,54,12:57 PM,12:54 AM,08:14 AM,06:13 PM,3,7,9,7,17,82,68,1.9,1012,9,9,343,13,iran
2019-01-15 00:00:00,11,7,0.0,10.0,3,61,01:29 PM,01:53 AM,08:14 AM,06:14 PM,-1,6,8,6,22,10,53,0.0,1013,8,10,347,14,iran
2019-01-15 03:00:00,11,7,0.0,10.0,3,61,01:29 PM,01:53 AM,08:14 AM,06:14 PM,-5,5,7,5,24,4,41,0.0,1015,7,10,342,14,iran
2019-01-15 06:00:00,11,7,0.0,10.0,3,61,01:29 PM,01:53 AM,08:14 AM,06:14 PM,-3,4,7,4,27,71,52,0.2,1016,7,10,347,14,iran
2019-01-15 09:00:00,11,7,0.0,10.0,3,61,01:29 PM,01:53 AM,08:14 AM,06:14 PM,-5,6,9,6,23,72,37,0.2,1017,9,10,334,15,iran
2019-01-15 12:00:00,11,7,0.0,10.0,3,61,01:29 PM,01:53 AM,08:14 AM,06:14 PM,-6,9,11,9,24,0,30,0.0,1016,11,10,320,19,iran
2019-01-15 15:00:00,11,7,0.0,10.0,3,61,01:29 PM,01:53 AM,08:14 AM,06:14 PM,-6,9,11,9,26,2,29,0.0,1015,11,10,319,19,iran
2019-01-15 18:00:00,11,7,0.0,10.0,3,61,01:29 PM,01:53 AM,08:14 AM,06:14 PM,-7,8,10,8,19,0,29,0.0,1018,10,10,345,14,iran
2019-01-15 21:00:00,11,7,0.0,10.0,3,61,01:29 PM,01:53 AM,08:14 AM,06:14 PM,-7,7,10,7,14,1,29,0.0,1018,7,10,339,12,iran
2019-01-16 00:00:00,14,8,0.0,10.0,4,69,02:04 PM,02:54 AM,08:14 AM,06:15 PM,-8,8,10,8,15,0,28,0.0,1018,10,10,349,11,iran
2019-01-16 03:00:00,14,8,0.0,10.0,4,69,02:04 PM,02:54 AM,08:14 AM,06:15 PM,-8,8,10,8,13,0,27,0.0,1017,10,10,349,9,iran
2019-01-16 06:00:00,14,8,0.0,10.0,4,69,02:04 PM,02:54 AM,08:14 AM,06:15 PM,-11,6,8,6,19,1,25,0.0,1017,8,10,6,10,iran
2019-01-16 09:00:00,14,8,0.0,10.0,4,69,02:04 PM,02:54 AM,08:14 AM,06:15 PM,-11,8,10,8,14,5,22,0.0,1016,10,10,19,9,iran
2019-01-16 12:00:00,14,8,0.0,10.0,4,69,02:04 PM,02:54 AM,08:14 AM,06:15 PM,-6,14,13,14,4,8,26,0.0,1013,13,10,64,3,iran
2019-01-16 15:00:00,14,8,0.0,10.0,4,69,02:04 PM,02:54 AM,08:14 AM,06:15 PM,-5,13,14,13,10,23,27,0.0,1012,14,10,56,8,iran
2019-01-16 18:00:00,14,8,0.0,10.0,4,69,02:04 PM,02:54 AM,08:14 AM,06:15 PM,-4,9,11,9,27,15,33,0.0,1012,11,10,49,15,iran
2019-01-16 21:00:00,14,8,0.0,10.0,4,69,02:04 PM,02:54 AM,08:14 AM,06:15 PM,-1,6,8,6,10,77,42,0.0,1011,6,10,54,6,iran
2019-01-17 00:00:00,11,7,0.0,8.3,2,76,02:44 PM,03:57 AM,08:13 AM,06:16 PM,1,9,10,9,18,100,53,1.3,1009,10,9,33,13,iran
2019-01-17 03:00:00,11,7,0.0,8.3,2,76,02:44 PM,03:57 AM,08:13 AM,06:16 PM,2,9,11,9,17,84,54,1.6,1008,11,9,39,11,iran
2019-01-17 06:00:00,11,7,0.0,8.3,2,76,02:44 PM,03:57 AM,08:13 AM,06:16 PM,1,8,9,8,14,32,58,0.0,1006,9,10,65,8,iran
2019-01-17 09:00:00,11,7,0.0,8.3,2,76,02:44 PM,03:57 AM,08:13 AM,06:16 PM,2,9,11,9,18,9,53,0.0,1005,11,10,51,13,iran
2019-01-17 12:00:00,11,7,0.0,8.3,2,76,02:44 PM,03:57 AM,08:13 AM,06:16 PM,2,9,10,9,10,87,59,1.7,1003,10,9,105,7,iran
2019-01-17 15:00:00,11,7,0.0,8.3,2,76,02:44 PM,03:57 AM,08:13 AM,06:16 PM,3,4,7,4,23,51,74,8.2,1002,7,6,12,17,iran
2019-01-17 18:00:00,11,7,0.0,8.3,2,76,02:44 PM,03:57 AM,08:13 AM,06:16 PM,-0,2,7,2,51,78,61,10.1,1005,7,5,289,35,iran
2019-01-17 21:00:00,11,7,0.0,8.3,2,76,02:44 PM,03:57 AM,08:13 AM,06:16 PM,-2,5,9,5,47,71,54,10.2,1009,5,6,294,38,iran
2019-01-18 00:00:00,5,2,0.0,10.0,2,83,03:32 PM,05:03 AM,08:13 AM,06:17 PM,-3,1,6,1,41,6,54,0.0,1013,6,10,292,31,iran
2019-01-18 03:00:00,5,2,0.0,10.0,2,83,03:32 PM,05:03 AM,08:13 AM,06:17 PM,-4,-0,4,-0,33,6,54,0.0,1015,4,10,291,24,iran
2019-01-18 06:00:00,5,2,0.0,10.0,2,83,03:32 PM,05:03 AM,08:13 AM,06:17 PM,-6,-3,2,-3,38,20,56,0.0,1017,2,10,291,24,iran
2019-01-18 09:00:00,5,2,0.0,10.0,2,83,03:32 PM,05:03 AM,08:13 AM,06:17 PM,-7,-2,3,-2,31,49,48,0.0,1018,3,10,300,23,iran
2019-01-18 12:00:00,5,2,0.0,10.0,2,83,03:32 PM,05:03 AM,08:13 AM,06:17 PM,-8,0,5,0,32,27,39,0.0,1018,5,10,296,27,iran
2019-01-18 15:00:00,5,2,0.0,10.0,2,83,03:32 PM,05:03 AM,08:13 AM,06:17 PM,-8,1,5,1,32,22,38,0.0,1018,5,10,302,25,iran
2019-01-18 18:00:00,5,2,0.0,10.0,2,83,03:32 PM,05:03 AM,08:13 AM,06:17 PM,-9,-0,4,-0,26,21,40,0.0,1020,4,10,306,17,iran
2019-01-18 21:00:00,5,2,0.0,10.0,2,83,03:32 PM,05:03 AM,08:13 AM,06:17 PM,-8,-1,3,-1,23,22,43,0.0,1022,3,10,303,18,iran
2019-01-19 00:00:00,4,-0,0.0,10.1,2,90,04:27 PM,06:10 AM,08:13 AM,06:18 PM,-8,-3,2,-3,25,31,46,0.0,1022,2,10,307,20,iran
2019-01-19 03:00:00,4,-0,0.0,10.1,2,90,04:27 PM,06:10 AM,08:13 AM,06:18 PM,-9,-3,1,-3,24,36,45,0.0,1022,1,10,308,19,iran
2019-01-19 06:00:00,4,-0,0.0,10.1,2,90,04:27 PM,06:10 AM,08:13 AM,06:18 PM,-10,-5,-0,-5,27,32,47,0.0,1021,-0,10,305,17,iran
2019-01-19 09:00:00,4,-0,0.0,10.1,2,90,04:27 PM,06:10 AM,08:13 AM,06:18 PM,-10,-4,1,-4,23,40,44,0.0,1022,1,10,295,17,iran
2019-01-19 12:00:00,4,-0,0.0,10.1,2,90,04:27 PM,06:10 AM,08:13 AM,06:18 PM,-10,-0,4,-0,21,23,36,0.0,1020,4,10,295,17,iran
2019-01-19 15:00:00,4,-0,0.0,10.1,2,90,04:27 PM,06:10 AM,08:13 AM,06:18 PM,-9,1,4,1,23,23,36,0.0,1019,4,10,298,18,iran
2019-01-19 18:00:00,4,-0,0.0,10.1,2,90,04:27 PM,06:10 AM,08:13 AM,06:18 PM,-9,-1,3,-1,26,22,40,0.0,1021,3,10,301,17,iran
2019-01-19 21:00:00,4,-0,0.0,10.1,2,90,04:27 PM,06:10 AM,08:13 AM,06:18 PM,-9,0,2,0,19,14,39,0.0,1022,0,10,305,15,iran
2019-01-20 00:00:00,7,1,0.0,10.0,2,98,05:31 PM,07:14 AM,08:12 AM,06:19 PM,-10,1,3,1,14,10,38,0.0,1023,3,10,299,11,iran
2019-01-20 03:00:00,7,1,0.0,10.0,2,98,05:31 PM,07:14 AM,08:12 AM,06:19 PM,-11,0,3,0,13,10,36,0.0,1023,3,10,300,9,iran
2019-01-20 06:00:00,7,1,0.0,10.0,2,98,05:31 PM,07:14 AM,08:12 AM,06:19 PM,-12,-1,1,-1,14,8,36,0.0,1024,1,10,291,9,iran
2019-01-20 09:00:00,7,1,0.0,10.0,2,98,05:31 PM,07:14 AM,08:12 AM,06:19 PM,-13,1,4,1,12,7,28,0.0,1025,4,10,291,9,iran
2019-01-20 12:00:00,7,1,0.0,10.0,2,98,05:31 PM,07:14 AM,08:12 AM,06:19 PM,-13,4,6,4,10,6,25,0.0,1023,6,10,285,9,iran
2019-01-20 15:00:00,7,1,0.0,10.0,2,98,05:31 PM,07:14 AM,08:12 AM,06:19 PM,-13,5,7,5,8,96,23,0.0,1022,7,10,285,6,iran
2019-01-20 18:00:00,7,1,0.0,10.0,2,98,05:31 PM,07:14 AM,08:12 AM,06:19 PM,-12,5,6,5,6,15,28,0.0,1024,6,10,334,5,iran
2019-01-20 21:00:00,7,1,0.0,10.0,2,98,05:31 PM,07:14 AM,08:12 AM,06:19 PM,-11,4,5,4,6,18,30,0.0,1025,5,10,19,4,iran
2019-01-21 00:00:00,8,4,0.0,10.1,3,100,06:40 PM,08:14 AM,08:12 AM,06:20 PM,-11,4,4,4,5,15,32,0.0,1026,4,10,24,4,iran
2019-01-21 03:00:00,8,4,0.0,10.1,3,100,06:40 PM,08:14 AM,08:12 AM,06:20 PM,-12,3,4,3,7,3,31,0.0,1026,4,10,18,5,iran
2019-01-21 06:00:00,8,4,0.0,10.1,3,100,06:40 PM,08:14 AM,08:12 AM,06:20 PM,-11,4,4,4,4,2,33,0.0,1027,4,10,8,4,iran
2019-01-21 09:00:00,8,4,0.0,10.1,3,100,06:40 PM,08:14 AM,08:12 AM,06:20 PM,-13,6,6,6,2,1,25,0.0,1026,6,10,72,1,iran
2019-01-21 12:00:00,8,4,0.0,10.1,3,100,06:40 PM,08:14 AM,08:12 AM,06:20 PM,-11,8,8,8,1,0,25,0.0,1024,8,10,129,1,iran
2019-01-21 15:00:00,8,4,0.0,10.1,3,100,06:40 PM,08:14 AM,08:12 AM,06:20 PM,-11,8,8,8,2,2,25,0.0,1021,8,10,191,2,iran
2019-01-21 18:00:00,8,4,0.0,10.1,3,100,06:40 PM,08:14 AM,08:12 AM,06:20 PM,-9,7,7,7,3,3,31,0.0,1022,7,10,169,2,iran
2019-01-21 21:00:00,8,4,0.0,10.1,3,100,06:40 PM,08:14 AM,08:12 AM,06:20 PM,-9,6,6,6,3,6,33,0.0,1022,6,10,65,3,iran
2019-01-22 00:00:00,9,2,0.0,10.1,3,88,07:53 PM,09:07 AM,08:11 AM,06:21 PM,-10,5,5,5,5,6,32,0.0,1021,5,10,27,4,iran
2019-01-22 03:00:00,9,2,0.0,10.1,3,88,07:53 PM,09:07 AM,08:11 AM,06:21 PM,-12,4,4,4,4,6,30,0.0,1020,4,10,0,3,iran
2019-01-22 06:00:00,9,2,0.0,10.1,3,88,07:53 PM,09:07 AM,08:11 AM,06:21 PM,-12,2,2,2,5,10,34,0.0,1020,2,10,307,3,iran
2019-01-22 09:00:00,9,2,0.0,10.1,3,88,07:53 PM,09:07 AM,08:11 AM,06:21 PM,-12,5,5,5,3,28,29,0.0,1019,5,10,242,3,iran
2019-01-22 12:00:00,9,2,0.0,10.1,3,88,07:53 PM,09:07 AM,08:11 AM,06:21 PM,-11,7,7,7,5,16,27,0.0,1017,7,10,266,5,iran
2019-01-22 15:00:00,9,2,0.0,10.1,3,88,07:53 PM,09:07 AM,08:11 AM,06:21 PM,-11,8,9,8,10,4,23,0.0,1015,9,10,288,9,iran
2019-01-22 18:00:00,9,2,0.0,10.1,3,88,07:53 PM,09:07 AM,08:11 AM,06:21 PM,-9,8,9,8,6,4,27,0.0,1017,9,10,318,6,iran
2019-01-22 21:00:00,9,2,0.0,10.1,3,88,07:53 PM,09:07 AM,08:11 AM,06:21 PM,-8,8,8,8,5,4,31,0.0,1018,8,10,344,4,iran
2019-01-23 00:00:00,12,3,0.0,10.1,3,81,09:05 PM,09:53 AM,08:11 AM,06:22 PM,-9,6,7,6,7,4,32,0.0,1019,7,10,1,5,iran
2019-01-23 03:00:00,12,3,0.0,10.1,3,81,09:05 PM,09:53 AM,08:11 AM,06:22 PM,-10,4,5,4,11,5,31,0.0,1020,5,10,355,7,iran
2019-01-23 06:00:00,12,3,0.0,10.1,3,81,09:05 PM,09:53 AM,08:11 AM,06:22 PM,-15,1,3,1,15,7,25,0.0,1021,3,10,337,8,iran
2019-01-23 09:00:00,12,3,0.0,10.1,3,81,09:05 PM,09:53 AM,08:11 AM,06:22 PM,-12,4,6,4,9,4,25,0.0,1022,6,10,319,8,iran
2019-01-23 12:00:00,12,3,0.0,10.1,3,81,09:05 PM,09:53 AM,08:11 AM,06:22 PM,-12,8,9,8,9,3,22,0.0,1021,9,10,315,8,iran
2019-01-23 15:00:00,12,3,0.0,10.1,3,81,09:05 PM,09:53 AM,08:11 AM,06:22 PM,-10,11,12,11,6,2,22,0.0,1020,12,10,340,5,iran
2019-01-23 18:00:00,12,3,0.0,10.1,3,81,09:05 PM,09:53 AM,08:11 AM,06:22 PM,-11,8,9,8,8,3,24,0.0,1022,9,10,28,6,iran
2019-01-23 21:00:00,12,3,0.0,10.1,3,81,09:05 PM,09:53 AM,08:11 AM,06:22 PM,-10,6,7,6,9,5,27,0.0,1023,7,10,42,7,iran
2019-01-24 00:00:00,10,3,0.0,10.1,3,73,10:15 PM,10:34 AM,08:10 AM,06:23 PM,-10,5,6,5,10,5,31,0.0,1024,6,10,35,8,iran
2019-01-24 03:00:00,10,3,0.0,10.1,3,73,10:15 PM,10:34 AM,08:10 AM,06:23 PM,-10,3,5,3,12,8,33,0.0,1024,5,10,25,8,iran
2019-01-24 06:00:00,10,3,0.0,10.1,3,73,10:15 PM,10:34 AM,08:10 AM,06:23 PM,-10,1,3,1,14,12,37,0.0,1025,3,10,23,8,iran
2019-01-24 09:00:00,10,3,0.0,10.1,3,73,10:15 PM,10:34 AM,08:10 AM,06:23 PM,-9,5,6,5,8,14,33,0.0,1024,6,10,28,6,iran
2019-01-24 12:00:00,10,3,0.0,10.1,3,73,10:15 PM,10:34 AM,08:10 AM,06:23 PM,-8,8,8,8,2,8,30,0.0,1023,8,10,38,2,iran
2019-01-24 15:00:00,10,3,0.0,10.1,3,73,10:15 PM,10:34 AM,08:10 AM,06:23 PM,-7,10,10,10,1,4,30,0.0,1021,10,10,324,1,iran
2019-01-24 18:00:00,10,3,0.0,10.1,3,73,10:15 PM,10:34 AM,08:10 AM,06:23 PM,-4,7,9,7,3,0,34,0.0,1022,7,10,18,3,iran
2019-01-24 21:00:00,10,3,0.0,10.1,3,73,10:15 PM,10:34 AM,08:10 AM,06:23 PM,-6,3,6,3,5,3,34,0.0,1022,3,10,46,4,iran
2019-01-25 00:00:00,11,5,0.0,8.3,3,66,11:24 PM,11:11 AM,08:10 AM,06:24 PM,-7,8,8,8,6,2,35,0.0,1021,8,10,18,5,iran
2019-01-25 03:00:00,11,5,0.0,8.3,3,66,11:24 PM,11:11 AM,08:10 AM,06:24 PM,-7,7,7,7,6,2,35,0.0,1021,7,10,349,5,iran
2019-01-25 06:00:00,11,5,0.0,8.3,3,66,11:24 PM,11:11 AM,08:10 AM,06:24 PM,-9,4,5,4,9,4,37,0.0,1020,5,10,339,5,iran
2019-01-25 09:00:00,11,5,0.0,8.3,3,66,11:24 PM,11:11 AM,08:10 AM,06:24 PM,-9,7,8,7,6,6,30,0.0,1018,8,10,305,5,iran
2019-01-25 12:00:00,11,5,0.0,8.3,3,66,11:24 PM,11:11 AM,08:10 AM,06:24 PM,-8,9,10,9,9,24,28,0.0,1016,10,10,279,8,iran
2019-01-25 15:00:00,11,5,0.0,8.3,3,66,11:24 PM,11:11 AM,08:10 AM,06:24 PM,-6,9,11,9,19,93,30,0.0,1016,11,10,280,14,iran
2019-01-25 18:00:00,11,5,0.0,8.3,3,66,11:24 PM,11:11 AM,08:10 AM,06:24 PM,-3,6,9,6,33,90,43,0.1,1017,9,10,287,21,iran
2019-01-25 21:00:00,11,5,0.0,8.3,3,66,11:24 PM,11:11 AM,08:10 AM,06:24 PM,-2,7,9,7,15,86,48,1.1,1018,9,10,315,12,iran
2019-01-26 00:00:00,14,6,0.0,10.2,3,59,No moonrise,11:46 AM,08:09 AM,06:25 PM,-3,6,8,6,17,77,48,0.2,1019,8,10,311,12,iran
2019-01-26 03:00:00,14,6,0.0,10.2,3,59,No moonrise,11:46 AM,08:09 AM,06:25 PM,-4,5,7,5,16,89,45,0.2,1020,7,10,317,11,iran
2019-01-26 06:00:00,14,6,0.0,10.2,3,59,No moonrise,11:46 AM,08:09 AM,06:25 PM,-4,3,6,3,23,4,48,0.0,1021,6,10,320,12,iran
2019-01-26 09:00:00,14,6,0.0,10.2,3,59,No moonrise,11:46 AM,08:09 AM,06:25 PM,-4,7,9,7,12,4,40,0.0,1021,9,10,317,10,iran
2019-01-26 12:00:00,14,6,0.0,10.2,3,59,No moonrise,11:46 AM,08:09 AM,06:25 PM,-3,11,12,11,10,4,35,0.0,1019,12,10,309,9,iran
2019-01-26 15:00:00,14,6,0.0,10.2,3,59,No moonrise,11:46 AM,08:09 AM,06:25 PM,-3,13,14,13,9,3,31,0.0,1018,14,10,313,8,iran
2019-01-26 18:00:00,14,6,0.0,10.2,3,59,No moonrise,11:46 AM,08:09 AM,06:25 PM,-4,11,12,11,9,3,32,0.0,1020,12,10,5,8,iran
2019-01-26 21:00:00,14,6,0.0,10.2,3,59,No moonrise,11:46 AM,08:09 AM,06:25 PM,-6,11,11,11,8,2,29,0.0,1020,11,10,12,7,iran
2019-01-27 00:00:00,17,7,0.0,10.2,4,51,12:29 AM,12:19 PM,08:09 AM,06:26 PM,-5,11,12,11,8,2,30,0.0,1020,12,10,4,7,iran
2019-01-27 03:00:00,17,7,0.0,10.2,4,51,12:29 AM,12:19 PM,08:09 AM,06:26 PM,-5,9,10,9,10,0,33,0.0,1020,10,10,352,8,iran
2019-01-27 06:00:00,17,7,0.0,10.2,4,51,12:29 AM,12:19 PM,08:09 AM,06:26 PM,-5,6,7,6,15,7,43,0.0,1021,7,10,352,7,iran
2019-01-27 09:00:00,17,7,0.0,10.2,4,51,12:29 AM,12:19 PM,08:09 AM,06:26 PM,-5,11,11,11,5,8,33,0.0,1020,11,10,338,4,iran
2019-01-27 12:00:00,17,7,0.0,10.2,4,51,12:29 AM,12:19 PM,08:09 AM,06:26 PM,-4,15,15,15,2,5,29,0.0,1018,15,10,295,1,iran
2019-01-27 15:00:00,17,7,0.0,10.2,4,51,12:29 AM,12:19 PM,08:09 AM,06:26 PM,-3,17,17,17,4,5,26,0.0,1016,17,10,192,3,iran
2019-01-27 18:00:00,17,7,0.0,10.2,4,51,12:29 AM,12:19 PM,08:09 AM,06:26 PM,-2,14,14,14,7,11,35,0.0,1017,14,10,98,4,iran
2019-01-27 21:00:00,17,7,0.0,10.2,4,51,12:29 AM,12:19 PM,08:09 AM,06:26 PM,-3,13,13,13,9,79,34,0.0,1017,13,10,44,5,iran
2019-01-28 00:00:00,12,9,0.0,6.7,3,44,01:32 AM,12:54 PM,08:08 AM,06:27 PM,2,9,10,9,15,71,57,3.2,1017,10,8,33,13,iran
2019-01-28 03:00:00,12,9,0.0,6.7,3,44,01:32 AM,12:54 PM,08:08 AM,06:27 PM,3,10,11,10,10,70,58,3.5,1017,11,8,26,7,iran
2019-01-28 06:00:00,12,9,0.0,6.7,3,44,01:32 AM,12:54 PM,08:08 AM,06:27 PM,5,8,9,8,12,94,75,3.1,1016,9,7,45,8,iran
2019-01-28 09:00:00,12,9,0.0,6.7,3,44,01:32 AM,12:54 PM,08:08 AM,06:27 PM,4,8,10,8,17,78,69,5.0,1016,10,7,47,12,iran
2019-01-28 12:00:00,12,9,0.0,6.7,3,44,01:32 AM,12:54 PM,08:08 AM,06:27 PM,4,11,12,11,18,75,58,0.5,1014,12,5,58,14,iran
2019-01-28 15:00:00,12,9,0.0,6.7,3,44,01:32 AM,12:54 PM,08:08 AM,06:27 PM,3,9,12,9,27,54,57,1.4,1012,12,9,38,19,iran
2019-01-28 18:00:00,12,9,0.0,6.7,3,44,01:32 AM,12:54 PM,08:08 AM,06:27 PM,3,8,11,8,33,90,59,0.6,1011,11,2,32,19,iran
2019-01-28 21:00:00,12,9,0.0,6.7,3,44,01:32 AM,12:54 PM,08:08 AM,06:27 PM,4,7,11,7,27,54,57,1.0,1010,7,9,48,18,iran
2019-01-29 00:00:00,11,8,0.0,6.7,2,37,02:34 AM,01:30 PM,08:07 AM,06:28 PM,4,10,11,10,17,86,60,0.6,1009,11,2,43,11,iran
2019-01-29 03:00:00,11,8,0.0,6.7,2,37,02:34 AM,01:30 PM,08:07 AM,06:28 PM,3,9,11,9,27,78,57,0.9,1007,11,9,50,16,iran
2019-01-29 06:00:00,11,8,0.0,6.7,2,37,02:34 AM,01:30 PM,08:07 AM,06:28 PM,5,5,8,5,40,70,77,2.4,1008,8,9,286,23,iran
2019-01-29 09:00:00,11,8,0.0,6.7,2,37,02:34 AM,01:30 PM,08:07 AM,06:28 PM,6,10,10,10,4,79,75,3.9,1012,10,9,76,3,iran
2019-01-29 12:00:00,11,8,0.0,6.7,2,37,02:34 AM,01:30 PM,08:07 AM,06:28 PM,-3,8,11,8,45,74,39,2.7,1011,11,7,320,28,iran
2019-01-29 15:00:00,11,8,0.0,6.7,2,37,02:34 AM,01:30 PM,08:07 AM,06:28 PM,-5,8,11,8,50,70,32,2.8,1012,11,7,302,32,iran
2019-01-29 18:00:00,11,8,0.0,6.7,2,37,02:34 AM,01:30 PM,08:07 AM,06:28 PM,-3,4,8,4,50,7,43,0.0,1016,8,10,303,33,iran
2019-01-29 21:00:00,11,8,0.0,6.7,2,37,02:34 AM,01:30 PM,08:07 AM,06:28 PM,-2,4,8,4,38,13,48,0.0,1018,4,10,298,28,iran
2019-01-30 00:00:00,11,6,0.0,8.4,3,30,03:34 AM,02:08 PM,08:07 AM,06:29 PM,-2,4,8,4,31,7,50,0.0,1021,8,10,297,22,iran
2019-01-30 03:00:00,11,6,0.0,8.4,3,30,03:34 AM,02:08 PM,08:07 AM,06:29 PM,-3,3,7,3,28,3,49,0.0,1023,7,10,302,19,iran
2019-01-30 06:00:00,11,6,0.0,8.4,3,30,03:34 AM,02:08 PM,08:07 AM,06:29 PM,-4,4,6,4,18,0,47,0.0,1023,6,10,299,12,iran
2019-01-30 09:00:00,11,6,0.0,8.4,3,30,03:34 AM,02:08 PM,08:07 AM,06:29 PM,-4,8,9,8,10,0,39,0.0,1023,9,10,285,9,iran
2019-01-30 12:00:00,11,6,0.0,8.4,3,30,03:34 AM,02:08 PM,08:07 AM,06:29 PM,-4,11,11,11,6,2,34,0.0,1021,11,10,290,5,iran
2019-01-30 15:00:00,11,6,0.0,8.4,3,30,03:34 AM,02:08 PM,08:07 AM,06:29 PM,-6,11,11,11,1,98,30,0.0,1019,11,10,353,1,iran
2019-01-30 18:00:00,11,6,0.0,8.4,3,30,03:34 AM,02:08 PM,08:07 AM,06:29 PM,-5,10,10,10,5,97,35,0.0,1019,10,10,70,4,iran
2019-01-30 21:00:00,11,6,0.0,8.4,3,30,03:34 AM,02:08 PM,08:07 AM,06:29 PM,-3,8,12,8,6,2,35,0.0,1019,8,10,66,6,iran
2019-01-31 00:00:00,14,8,0.0,10.2,4,26,04:31 AM,02:50 PM,08:06 AM,06:30 PM,-3,12,12,12,6,2,34,0.0,1019,12,10,39,5,iran
2019-01-31 03:00:00,14,8,0.0,10.2,4,26,04:31 AM,02:50 PM,08:06 AM,06:30 PM,-5,11,11,11,6,0,33,0.0,1019,11,10,17,5,iran
2019-01-31 06:00:00,14,8,0.0,10.2,4,26,04:31 AM,02:50 PM,08:06 AM,06:30 PM,-7,7,8,7,12,0,33,0.0,1019,8,10,356,8,iran
2019-01-31 09:00:00,14,8,0.0,10.2,4,26,04:31 AM,02:50 PM,08:06 AM,06:30 PM,-8,10,10,10,6,3,26,0.0,1018,10,10,332,5,iran
2019-01-31 12:00:00,14,8,0.0,10.2,4,26,04:31 AM,02:50 PM,08:06 AM,06:30 PM,-7,12,13,12,11,7,25,0.0,1016,13,10,301,9,iran
2019-01-31 15:00:00,14,8,0.0,10.2,4,26,04:31 AM,02:50 PM,08:06 AM,06:30 PM,-6,13,14,13,21,4,26,0.0,1014,14,10,306,16,iran
2019-01-31 18:00:00,14,8,0.0,10.2,4,26,04:31 AM,02:50 PM,08:06 AM,06:30 PM,-7,10,12,10,24,6,27,0.0,1016,12,10,336,15,iran
2019-01-31 21:00:00,14,8,0.0,10.2,4,26,04:31 AM,02:50 PM,08:06 AM,06:30 PM,-5,10,11,10,19,10,31,0.0,1017,11,10,323,12,iran
2019-02-01 00:00:00,12,7,0.0,10.3,4,8,05:26 AM,03:36 PM,08:05 AM,06:31 PM,-4,9,10,9,20,8,35,0.0,1017,10,10,322,13,iran
2019-02-01 03:00:00,12,7,0.0,10.3,4,8,05:26 AM,03:36 PM,08:05 AM,06:31 PM,-5,8,10,8,20,7,35,0.0,1017,10,10,323,13,iran
2019-02-01 06:00:00,12,7,0.0,10.3,4,8,05:26 AM,03:36 PM,08:05 AM,06:31 PM,-8,5,7,5,23,4,33,0.0,1018,7,10,320,13,iran
2019-02-01 09:00:00,12,7,0.0,10.3,4,8,05:26 AM,03:36 PM,08:05 AM,06:31 PM,-9,7,9,7,18,3,27,0.0,1017,9,10,312,14,iran
2019-02-01 12:00:00,12,7,0.0,10.3,4,8,05:26 AM,03:36 PM,08:05 AM,06:31 PM,-9,10,12,10,22,32,22,0.0,1016,12,10,303,19,iran
2019-02-01 15:00:00,12,7,0.0,10.3,4,8,05:26 AM,03:36 PM,08:05 AM,06:31 PM,-9,10,12,10,27,4,23,0.0,1015,12,10,308,21,iran
2019-02-01 18:00:00,12,7,0.0,10.3,4,8,05:26 AM,03:36 PM,08:05 AM,06:31 PM,-10,8,10,8,23,4,23,0.0,1016,10,10,330,15,iran
2019-02-01 21:00:00,12,7,0.0,10.3,4,8,05:26 AM,03:36 PM,08:05 AM,06:31 PM,-10,6,10,6,16,2,22,0.0,1017,6,10,325,13,iran
2019-02-02 00:00:00,12,7,0.0,6.8,2,1,06:17 AM,04:24 PM,08:04 AM,06:32 PM,-12,6,9,6,24,94,21,0.0,1017,9,10,329,14,iran
2019-02-02 03:00:00,12,7,0.0,6.8,2,1,06:17 AM,04:24 PM,08:04 AM,06:32 PM,-13,6,8,6,21,100,22,0.0,1016,8,10,331,12,iran
2019-02-02 06:00:00,12,7,0.0,6.8,2,1,06:17 AM,04:24 PM,08:04 AM,06:32 PM,-10,5,7,5,19,31,30,0.0,1016,7,10,346,10,iran
2019-02-02 09:00:00,12,7,0.0,6.8,2,1,06:17 AM,04:24 PM,08:04 AM,06:32 PM,-9,8,9,8,12,85,26,0.0,1016,9,10,327,8,iran
2019-02-02 12:00:00,12,7,0.0,6.8,2,1,06:17 AM,04:24 PM,08:04 AM,06:32 PM,-10,10,11,10,15,88,22,0.0,1015,11,10,311,12,iran
2019-02-02 15:00:00,12,7,0.0,6.8,2,1,06:17 AM,04:24 PM,08:04 AM,06:32 PM,-9,10,12,10,21,69,23,0.0,1014,12,10,308,16,iran
2019-02-02 18:00:00,12,7,0.0,6.8,2,1,06:17 AM,04:24 PM,08:04 AM,06:32 PM,-8,9,11,9,16,44,26,0.0,1016,11,10,334,12,iran
2019-02-02 21:00:00,12,7,0.0,6.8,2,1,06:17 AM,04:24 PM,08:04 AM,06:32 PM,-8,9,10,9,13,82,28,0.0,1017,10,10,351,8,iran
2019-02-03 00:00:00,9,6,0.0,6.8,2,0,07:04 AM,05:17 PM,08:04 AM,06:33 PM,-6,7,9,7,14,100,34,0.3,1017,9,10,329,11,iran
2019-02-03 03:00:00,9,6,0.0,6.8,2,0,07:04 AM,05:17 PM,08:04 AM,06:33 PM,-5,5,8,5,22,99,39,0.9,1018,8,10,343,17,iran
2019-02-03 06:00:00,9,6,0.0,6.8,2,0,07:04 AM,05:17 PM,08:04 AM,06:33 PM,-1,4,6,4,18,96,58,0.7,1017,6,10,342,11,iran
2019-02-03 09:00:00,9,6,0.0,6.8,2,0,07:04 AM,05:17 PM,08:04 AM,06:33 PM,-2,4,7,4,19,78,55,1.1,1018,7,10,332,14,iran
2019-02-03 12:00:00,9,6,0.0,6.8,2,0,07:04 AM,05:17 PM,08:04 AM,06:33 PM,-2,6,8,6,20,84,50,0.4,1018,8,9,319,17,iran
2019-02-03 15:00:00,9,6,0.0,6.8,2,0,07:04 AM,05:17 PM,08:04 AM,06:33 PM,-3,6,9,6,22,90,42,0.4,1019,9,10,319,17,iran
2019-02-03 18:00:00,9,6,0.0,6.8,2,0,07:04 AM,05:17 PM,08:04 AM,06:33 PM,-5,4,8,4,27,48,39,0.0,1022,8,10,314,21,iran
2019-02-03 21:00:00,9,6,0.0,6.8,2,0,07:04 AM,05:17 PM,08:04 AM,06:33 PM,-7,2,6,2,27,9,38,0.0,1024,6,10,322,22,iran
2019-02-04 00:00:00,9,3,0.0,10.3,3,0,07:47 AM,06:10 PM,08:03 AM,06:34 PM,-7,1,5,1,26,19,40,0.0,1026,5,10,315,21,iran
2019-02-04 03:00:00,9,3,0.0,10.3,3,0,07:47 AM,06:10 PM,08:03 AM,06:34 PM,-7,0,4,0,24,8,44,0.0,1027,4,10,311,19,iran
2019-02-04 06:00:00,9,3,0.0,10.3,3,0,07:47 AM,06:10 PM,08:03 AM,06:34 PM,-8,-0,3,-0,21,28,44,0.0,1028,3,10,311,15,iran
2019-02-04 09:00:00,9,3,0.0,10.3,3,0,07:47 AM,06:10 PM,08:03 AM,06:34 PM,-8,2,5,2,19,28,38,0.0,1029,5,10,313,17,iran
2019-02-04 12:00:00,9,3,0.0,10.3,3,0,07:47 AM,06:10 PM,08:03 AM,06:34 PM,-9,5,8,5,17,9,30,0.0,1028,8,10,303,15,iran
2019-02-04 15:00:00,9,3,0.0,10.3,3,0,07:47 AM,06:10 PM,08:03 AM,06:34 PM,-9,7,9,7,18,4,28,0.0,1028,9,10,299,16,iran
2019-02-04 18:00:00,9,3,0.0,10.3,3,0,07:47 AM,06:10 PM,08:03 AM,06:34 PM,-7,5,8,5,22,4,34,0.0,1029,8,10,307,18,iran
2019-02-04 21:00:00,9,3,0.0,10.3,3,0,07:47 AM,06:10 PM,08:03 AM,06:34 PM,-7,3,6,3,24,4,39,0.0,1032,6,10,320,19,iran
2019-02-05 00:00:00,11,4,0.0,10.3,3,0,08:25 AM,07:05 PM,08:02 AM,06:36 PM,-8,1,5,1,23,6,38,0.0,1032,5,10,321,17,iran
2019-02-05 03:00:00,11,4,0.0,10.3,3,0,08:25 AM,07:05 PM,08:02 AM,06:36 PM,-9,0,4,0,20,6,37,0.0,1033,4,10,318,16,iran
2019-02-05 06:00:00,11,4,0.0,10.3,3,0,08:25 AM,07:05 PM,08:02 AM,06:36 PM,-11,0,4,0,18,3,35,0.0,1033,4,20,317,14,iran
2019-02-05 09:00:00,11,4,0.0,10.3,3,0,08:25 AM,07:05 PM,08:02 AM,06:36 PM,-12,3,6,3,13,2,26,0.0,1034,6,20,313,12,iran
2019-02-05 12:00:00,11,4,0.0,10.3,3,0,08:25 AM,07:05 PM,08:02 AM,06:36 PM,-9,10,10,10,1,2,25,0.0,1033,10,10,135,1,iran
2019-02-05 15:00:00,11,4,0.0,10.3,3,0,08:25 AM,07:05 PM,08:02 AM,06:36 PM,-8,11,11,11,3,0,25,0.0,1032,11,10,192,2,iran
2019-02-05 18:00:00,11,4,0.0,10.3,3,0,08:25 AM,07:05 PM,08:02 AM,06:36 PM,-5,11,11,11,2,0,32,0.0,1033,11,10,268,1,iran
2019-02-05 21:00:00,11,4,0.0,10.3,3,0,08:25 AM,07:05 PM,08:02 AM,06:36 PM,-5,10,10,10,2,0,36,0.0,1034,10,10,13,1,iran
2019-02-06 00:00:00,13,4,0.0,10.4,3,7,08:59 AM,08:01 PM,08:01 AM,06:37 PM,-5,9,9,9,4,2,36,0.0,1034,9,10,3,3,iran
2019-02-06 03:00:00,13,4,0.0,10.4,3,7,08:59 AM,08:01 PM,08:01 AM,06:37 PM,-10,5,5,5,3,7,33,0.0,1034,5,10,338,3,iran
2019-02-06 06:00:00,13,4,0.0,10.4,3,7,08:59 AM,08:01 PM,08:01 AM,06:37 PM,-11,4,4,4,3,22,33,0.0,1033,4,10,292,2,iran
2019-02-06 09:00:00,13,4,0.0,10.4,3,7,08:59 AM,08:01 PM,08:01 AM,06:37 PM,-9,8,8,8,3,0,28,0.0,1032,8,10,242,3,iran
2019-02-06 12:00:00,13,4,0.0,10.4,3,7,08:59 AM,08:01 PM,08:01 AM,06:37 PM,-9,10,10,10,4,0,25,0.0,1028,10,10,217,4,iran
2019-02-06 15:00:00,13,4,0.0,10.4,3,7,08:59 AM,08:01 PM,08:01 AM,06:37 PM,-10,12,12,12,5,0,21,0.0,1025,12,10,223,5,iran
2019-02-06 18:00:00,13,4,0.0,10.4,3,7,08:59 AM,08:01 PM,08:01 AM,06:37 PM,-6,14,13,14,5,0,26,0.0,1025,13,10,205,4,iran
2019-02-06 21:00:00,13,4,0.0,10.4,3,7,08:59 AM,08:01 PM,08:01 AM,06:37 PM,-6,12,12,12,3,0,28,0.0,1026,12,10,223,3,iran
2019-02-07 00:00:00,15,7,0.0,10.4,4,14,09:31 AM,08:56 PM,08:00 AM,06:38 PM,-6,11,11,11,3,0,30,0.0,1025,11,10,261,2,iran
2019-02-07 03:00:00,15,7,0.0,10.4,4,14,09:31 AM,08:56 PM,08:00 AM,06:38 PM,-7,9,9,9,3,0,31,0.0,1023,9,10,231,2,iran
2019-02-07 06:00:00,15,7,0.0,10.4,4,14,09:31 AM,08:56 PM,08:00 AM,06:38 PM,-8,7,7,7,3,0,33,0.0,1023,7,10,274,2,iran
2019-02-07 09:00:00,15,7,0.0,10.4,4,14,09:31 AM,08:56 PM,08:00 AM,06:38 PM,-11,8,8,8,6,3,23,0.0,1023,8,10,186,5,iran
2019-02-07 12:00:00,15,7,0.0,10.4,4,14,09:31 AM,08:56 PM,08:00 AM,06:38 PM,-10,13,12,13,4,0,20,0.0,1020,12,10,158,3,iran
2019-02-07 15:00:00,15,7,0.0,10.4,4,14,09:31 AM,08:56 PM,08:00 AM,06:38 PM,-10,15,15,15,6,0,17,0.0,1018,15,10,182,6,iran
2019-02-07 18:00:00,15,7,0.0,10.4,4,14,09:31 AM,08:56 PM,08:00 AM,06:38 PM,-10,11,11,11,6,16,21,0.0,1019,11,10,159,5,iran
2019-02-07 21:00:00,15,7,0.0,10.4,4,14,09:31 AM,08:56 PM,08:00 AM,06:38 PM,-10,10,11,10,6,15,23,0.0,1019,11,10,163,5,iran
2019-02-08 00:00:00,13,7,0.0,10.1,3,22,10:01 AM,09:52 PM,07:59 AM,06:39 PM,-10,9,9,9,1,79,25,0.0,1018,9,10,107,1,iran
2019-02-08 03:00:00,13,7,0.0,10.1,3,22,10:01 AM,09:52 PM,07:59 AM,06:39 PM,-10,9,9,9,7,47,26,0.0,1017,9,10,276,4,iran
2019-02-08 06:00:00,13,7,0.0,10.1,3,22,10:01 AM,09:52 PM,07:59 AM,06:39 PM,-10,7,7,7,6,49,28,0.0,1017,7,10,228,3,iran
2019-02-08 09:00:00,13,7,0.0,10.1,3,22,10:01 AM,09:52 PM,07:59 AM,06:39 PM,-10,11,10,11,4,32,23,0.0,1018,10,10,204,3,iran
2019-02-08 12:00:00,13,7,0.0,10.1,3,22,10:01 AM,09:52 PM,07:59 AM,06:39 PM,-9,13,13,13,7,86,20,0.0,1017,13,10,274,6,iran
2019-02-08 15:00:00,13,7,0.0,10.1,3,22,10:01 AM,09:52 PM,07:59 AM,06:39 PM,-7,12,13,12,21,50,24,0.1,1016,13,10,2,14,iran
2019-02-08 18:00:00,13,7,0.0,10.1,3,22,10:01 AM,09:52 PM,07:59 AM,06:39 PM,-4,12,12,12,4,46,34,0.0,1016,12,10,229,2,iran
2019-02-08 21:00:00,13,7,0.0,10.1,3,22,10:01 AM,09:52 PM,07:59 AM,06:39 PM,-2,10,14,10,5,9,37,0.0,1015,10,10,99,3,iran
2019-02-09 00:00:00,9,7,0.0,7.0,2,29,10:29 AM,10:47 PM,07:58 AM,06:40 PM,-4,10,11,10,10,73,36,0.0,1014,11,10,49,6,iran
2019-02-09 03:00:00,9,7,0.0,7.0,2,29,10:29 AM,10:47 PM,07:58 AM,06:40 PM,-3,9,11,9,19,88,38,0.1,1013,11,10,40,12,iran
2019-02-09 06:00:00,9,7,0.0,7.0,2,29,10:29 AM,10:47 PM,07:58 AM,06:40 PM,-1,9,9,9,5,99,49,0.3,1012,9,15,83,3,iran
2019-02-09 09:00:00,9,7,0.0,7.0,2,29,10:29 AM,10:47 PM,07:58 AM,06:40 PM,1,7,7,7,2,97,67,3.8,1014,7,14,238,1,iran
2019-02-09 12:00:00,9,7,0.0,7.0,2,29,10:29 AM,10:47 PM,07:58 AM,06:40 PM,2,8,8,8,3,53,62,1.3,1012,8,12,138,2,iran
2019-02-09 15:00:00,9,7,0.0,7.0,2,29,10:29 AM,10:47 PM,07:58 AM,06:40 PM,3,7,8,7,11,98,68,2.6,1011,8,13,142,8,iran
2019-02-09 18:00:00,9,7,0.0,7.0,2,29,10:29 AM,10:47 PM,07:58 AM,06:40 PM,3,7,7,7,6,96,77,2.5,1012,7,14,66,4,iran
2019-02-09 21:00:00,9,7,0.0,7.0,2,29,10:29 AM,10:47 PM,07:58 AM,06:40 PM,3,4,6,4,11,53,73,2.8,1013,4,16,286,9,iran
2019-02-10 00:00:00,13,7,0.0,10.8,4,37,10:59 AM,11:44 PM,07:57 AM,06:41 PM,2,8,9,8,9,20,61,0.0,1017,9,18,343,6,iran
2019-02-10 03:00:00,13,7,0.0,10.8,4,37,10:59 AM,11:44 PM,07:57 AM,06:41 PM,1,7,8,7,9,15,61,0.0,1017,8,18,340,6,iran
2019-02-10 06:00:00,13,7,0.0,10.8,4,37,10:59 AM,11:44 PM,07:57 AM,06:41 PM,-1,5,7,5,13,4,58,0.0,1018,7,10,310,8,iran
2019-02-10 09:00:00,13,7,0.0,10.8,4,37,10:59 AM,11:44 PM,07:57 AM,06:41 PM,-4,8,9,8,13,0,37,0.0,1018,9,10,316,12,iran
2019-02-10 12:00:00,13,7,0.0,10.8,4,37,10:59 AM,11:44 PM,07:57 AM,06:41 PM,-8,10,12,10,21,0,25,0.0,1016,12,10,309,18,iran
2019-02-10 15:00:00,13,7,0.0,10.8,4,37,10:59 AM,11:44 PM,07:57 AM,06:41 PM,-9,11,13,11,22,0,22,0.0,1015,13,10,318,19,iran
2019-02-10 18:00:00,13,7,0.0,10.8,4,37,10:59 AM,11:44 PM,07:57 AM,06:41 PM,-9,11,12,11,16,0,22,0.0,1016,12,10,310,14,iran
2019-02-10 21:00:00,13,7,0.0,10.8,4,37,10:59 AM,11:44 PM,07:57 AM,06:41 PM,-9,10,11,10,10,73,24,0.0,1017,11,18,317,8,iran
2019-02-11 00:00:00,8,5,0.0,10.1,2,44,11:29 AM,No moonset,07:56 AM,06:42 PM,-7,8,10,8,11,58,31,0.2,1017,10,18,359,9,iran
2019-02-11 03:00:00,8,5,0.0,10.1,2,44,11:29 AM,No moonset,07:56 AM,06:42 PM,-7,7,8,7,10,98,33,0.7,1017,8,15,348,9,iran
2019-02-11 06:00:00,8,5,0.0,10.1,2,44,11:29 AM,No moonset,07:56 AM,06:42 PM,-3,6,6,6,5,99,53,2.2,1018,6,9,54,5,iran
2019-02-11 09:00:00,8,5,0.0,10.1,2,44,11:29 AM,No moonset,07:56 AM,06:42 PM,-2,6,7,6,6,59,51,3.0,1018,7,8,44,6,iran
2019-02-11 12:00:00,8,5,0.0,10.1,2,44,11:29 AM,No moonset,07:56 AM,06:42 PM,-1,7,8,7,6,74,56,0.5,1017,8,5,336,6,iran
2019-02-11 15:00:00,8,5,0.0,10.1,2,44,11:29 AM,No moonset,07:56 AM,06:42 PM,-2,5,8,5,17,57,53,1.0,1016,8,9,325,13,iran
2019-02-11 18:00:00,8,5,0.0,10.1,2,44,11:29 AM,No moonset,07:56 AM,06:42 PM,-2,5,8,5,11,28,48,0.0,1017,5,10,309,9,iran
2019-02-11 21:00:00,8,5,0.0,10.1,2,44,11:29 AM,No moonset,07:56 AM,06:42 PM,-2,3,7,3,13,86,50,0.0,1017,3,15,311,10,iran
2019-02-12 00:00:00,9,4,0.0,10.1,2,52,12:02 PM,12:42 AM,07:55 AM,06:43 PM,-2,4,7,4,23,95,52,0.2,1017,7,15,312,18,iran
2019-02-12 03:00:00,9,4,0.0,10.1,2,52,12:02 PM,12:42 AM,07:55 AM,06:43 PM,-3,3,6,3,24,94,52,0.5,1018,6,14,311,19,iran
2019-02-12 06:00:00,9,4,0.0,10.1,2,52,12:02 PM,12:42 AM,07:55 AM,06:43 PM,-5,0,4,0,33,99,52,0.6,1019,4,2,307,22,iran
2019-02-12 09:00:00,9,4,0.0,10.1,2,52,12:02 PM,12:42 AM,07:55 AM,06:43 PM,-5,1,5,1,27,70,47,0.9,1019,5,9,297,19,iran
2019-02-12 12:00:00,9,4,0.0,10.1,2,52,12:02 PM,12:42 AM,07:55 AM,06:43 PM,-5,5,8,5,24,45,39,0.0,1019,8,10,290,20,iran
2019-02-12 15:00:00,9,4,0.0,10.1,2,52,12:02 PM,12:42 AM,07:55 AM,06:43 PM,-6,7,9,7,24,10,34,0.0,1018,9,10,292,20,iran
2019-02-12 18:00:00,9,4,0.0,10.1,2,52,12:02 PM,12:42 AM,07:55 AM,06:43 PM,-5,5,8,5,28,3,39,0.0,1020,8,10,298,18,iran
2019-02-12 21:00:00,9,4,0.0,10.1,2,52,12:02 PM,12:42 AM,07:55 AM,06:43 PM,-4,4,7,4,24,2,44,0.0,1022,7,10,305,18,iran
2019-02-13 00:00:00,12,6,0.0,10.9,3,60,12:38 PM,01:43 AM,07:54 AM,06:44 PM,-5,3,6,3,24,2,46,0.0,1022,6,20,299,18,iran
2019-02-13 03:00:00,12,6,0.0,10.9,3,60,12:38 PM,01:43 AM,07:54 AM,06:44 PM,-4,4,6,4,15,0,47,0.0,1023,6,10,304,13,iran
2019-02-13 06:00:00,12,6,0.0,10.9,3,60,12:38 PM,01:43 AM,07:54 AM,06:44 PM,-5,4,6,4,10,0,45,0.0,1024,6,10,292,8,iran
2019-02-13 09:00:00,12,6,0.0,10.9,3,60,12:38 PM,01:43 AM,07:54 AM,06:44 PM,-7,6,7,6,11,0,36,0.0,1023,7,10,291,9,iran
2019-02-13 12:00:00,12,6,0.0,10.9,3,60,12:38 PM,01:43 AM,07:54 AM,06:44 PM,-8,9,10,9,12,0,28,0.0,1021,10,10,274,10,iran
2019-02-13 15:00:00,12,6,0.0,10.9,3,60,12:38 PM,01:43 AM,07:54 AM,06:44 PM,-9,11,12,11,13,0,23,0.0,1021,12,20,285,11,iran
2019-02-13 18:00:00,12,6,0.0,10.9,3,60,12:38 PM,01:43 AM,07:54 AM,06:44 PM,-5,9,11,9,5,0,27,0.0,1022,9,10,312,4,iran
2019-02-13 21:00:00,12,6,0.0,10.9,3,60,12:38 PM,01:43 AM,07:54 AM,06:44 PM,-4,7,9,7,2,0,30,0.0,1022,7,10,13,1,iran
2019-02-14 00:00:00,15,8,0.0,10.9,4,67,01:21 PM,02:45 AM,07:53 AM,06:45 PM,-6,9,9,9,3,8,34,0.0,1022,9,20,352,2,iran
2019-02-14 03:00:00,15,8,0.0,10.9,4,67,01:21 PM,02:45 AM,07:53 AM,06:45 PM,-8,7,7,7,6,11,32,0.0,1022,7,20,338,4,iran
2019-02-14 06:00:00,15,8,0.0,10.9,4,67,01:21 PM,02:45 AM,07:53 AM,06:45 PM,-9,8,8,8,6,0,30,0.0,1022,8,10,303,4,iran
2019-02-14 09:00:00,15,8,0.0,10.9,4,67,01:21 PM,02:45 AM,07:53 AM,06:45 PM,-10,10,10,10,3,0,23,0.0,1021,10,10,306,2,iran
2019-02-14 12:00:00,15,8,0.0,10.9,4,67,01:21 PM,02:45 AM,07:53 AM,06:45 PM,-10,13,13,13,0,0,20,0.0,1019,13,10,152,0,iran
2019-02-14 15:00:00,15,8,0.0,10.9,4,67,01:21 PM,02:45 AM,07:53 AM,06:45 PM,-10,15,15,15,1,0,17,0.0,1018,15,10,280,1,iran
2019-02-14 18:00:00,15,8,0.0,10.9,4,67,01:21 PM,02:45 AM,07:53 AM,06:45 PM,-8,15,14,15,6,0,21,0.0,1019,14,20,68,5,iran
2019-02-14 21:00:00,15,8,0.0,10.9,4,67,01:21 PM,02:45 AM,07:53 AM,06:45 PM,-10,13,13,13,8,0,19,0.0,1019,13,10,74,7,iran
2019-02-15 00:00:00,13,8,0.0,10.1,4,75,02:10 PM,03:50 AM,07:52 AM,06:46 PM,-13,10,10,10,9,8,17,0.0,1018,10,20,53,8,iran
2019-02-15 03:00:00,13,8,0.0,10.1,4,75,02:10 PM,03:50 AM,07:52 AM,06:46 PM,-10,9,10,9,10,4,23,0.0,1017,10,19,48,8,iran
2019-02-15 06:00:00,13,8,0.0,10.1,4,75,02:10 PM,03:50 AM,07:52 AM,06:46 PM,-6,8,8,8,10,8,35,0.0,1019,8,10,70,6,iran
2019-02-15 09:00:00,13,8,0.0,10.1,4,75,02:10 PM,03:50 AM,07:52 AM,06:46 PM,-7,11,11,11,6,9,28,0.0,1018,11,10,46,6,iran
2019-02-15 12:00:00,13,8,0.0,10.1,4,75,02:10 PM,03:50 AM,07:52 AM,06:46 PM,-7,13,13,13,8,45,25,0.0,1016,13,10,116,7,iran
2019-02-15 15:00:00,13,8,0.0,10.1,4,75,02:10 PM,03:50 AM,07:52 AM,06:46 PM,-3,11,11,11,6,100,37,0.0,1014,11,10,353,5,iran
2019-02-15 18:00:00,13,8,0.0,10.1,4,75,02:10 PM,03:50 AM,07:52 AM,06:46 PM,-1,9,13,9,14,11,43,0.0,1014,9,16,56,12,iran
2019-02-15 21:00:00,13,8,0.0,10.1,4,75,02:10 PM,03:50 AM,07:52 AM,06:46 PM,-0,6,9,6,19,84,47,0.5,1015,6,10,43,15,iran
2019-02-16 00:00:00,10,7,0.0,7.0,2,82,03:08 PM,04:53 AM,07:51 AM,06:47 PM,-2,8,9,8,19,90,45,0.0,1014,9,10,46,13,iran
2019-02-16 03:00:00,10,7,0.0,7.0,2,82,03:08 PM,04:53 AM,07:51 AM,06:47 PM,-1,7,9,7,16,87,52,0.3,1012,9,15,37,10,iran
2019-02-16 06:00:00,10,7,0.0,7.0,2,82,03:08 PM,04:53 AM,07:51 AM,06:47 PM,0,5,7,5,13,73,62,0.8,1012,7,9,15,8,iran
2019-02-16 09:00:00,10,7,0.0,7.0,2,82,03:08 PM,04:53 AM,07:51 AM,06:47 PM,0,6,8,6,21,81,56,2.0,1013,8,9,28,14,iran
2019-02-16 12:00:00,10,7,0.0,7.0,2,82,03:08 PM,04:53 AM,07:51 AM,06:47 PM,-6,6,10,6,35,82,32,0.8,1013,10,9,296,28,iran
2019-02-16 15:00:00,10,7,0.0,7.0,2,82,03:08 PM,04:53 AM,07:51 AM,06:47 PM,-8,5,9,5,38,87,30,0.5,1012,9,17,315,31,iran
2019-02-16 18:00:00,10,7,0.0,7.0,2,82,03:08 PM,04:53 AM,07:51 AM,06:47 PM,-6,4,8,4,39,6,37,0.0,1014,8,10,309,29,iran
2019-02-16 21:00:00,10,7,0.0,7.0,2,82,03:08 PM,04:53 AM,07:51 AM,06:47 PM,-5,6,10,6,35,4,41,0.0,1015,6,19,302,27,iran
2019-02-17 00:00:00,9,4,0.0,11.0,3,90,04:13 PM,05:54 AM,07:50 AM,06:48 PM,-5,2,7,2,34,3,45,0.0,1016,7,19,306,26,iran
2019-02-17 03:00:00,9,4,0.0,11.0,3,90,04:13 PM,05:54 AM,07:50 AM,06:48 PM,-6,2,6,2,31,4,43,0.0,1015,6,19,311,23,iran
2019-02-17 06:00:00,9,4,0.0,11.0,3,90,04:13 PM,05:54 AM,07:50 AM,06:48 PM,-8,0,4,0,30,4,42,0.0,1016,4,10,302,17,iran
2019-02-17 09:00:00,9,4,0.0,11.0,3,90,04:13 PM,05:54 AM,07:50 AM,06:48 PM,-7,2,6,2,35,6,37,0.0,1015,6,10,296,27,iran
2019-02-17 12:00:00,9,4,0.0,11.0,3,90,04:13 PM,05:54 AM,07:50 AM,06:48 PM,-9,5,9,5,32,12,29,0.0,1013,9,10,302,28,iran
2019-02-17 15:00:00,9,4,0.0,11.0,3,90,04:13 PM,05:54 AM,07:50 AM,06:48 PM,-9,6,9,6,39,46,25,0.0,1012,9,10,293,32,iran
2019-02-17 18:00:00,9,4,0.0,11.0,3,90,04:13 PM,05:54 AM,07:50 AM,06:48 PM,-9,4,8,4,38,6,29,0.0,1014,8,16,298,28,iran
2019-02-17 21:00:00,9,4,0.0,11.0,3,90,04:13 PM,05:54 AM,07:50 AM,06:48 PM,-9,4,7,4,30,3,31,0.0,1016,7,17,306,23,iran
2019-02-18 00:00:00,9,6,0.0,11.0,3,97,05:24 PM,06:50 AM,07:49 AM,06:49 PM,-8,2,6,2,27,2,35,0.0,1017,6,18,305,21,iran
2019-02-18 03:00:00,9,6,0.0,11.0,3,97,05:24 PM,06:50 AM,07:49 AM,06:49 PM,-9,3,6,3,18,2,34,0.0,1017,6,19,307,15,iran
2019-02-18 06:00:00,9,6,0.0,11.0,3,97,05:24 PM,06:50 AM,07:49 AM,06:49 PM,-8,5,6,5,8,0,36,0.0,1016,6,10,289,7,iran
2019-02-18 09:00:00,9,6,0.0,11.0,3,97,05:24 PM,06:50 AM,07:49 AM,06:49 PM,-9,6,7,6,7,2,31,0.0,1015,7,10,302,6,iran
2019-02-18 12:00:00,9,6,0.0,11.0,3,97,05:24 PM,06:50 AM,07:49 AM,06:49 PM,-9,8,9,8,7,3,27,0.0,1012,9,10,304,6,iran
2019-02-18 15:00:00,9,6,0.0,11.0,3,97,05:24 PM,06:50 AM,07:49 AM,06:49 PM,-9,8,9,8,11,18,27,0.0,1009,9,10,311,9,iran
2019-02-18 18:00:00,9,6,0.0,11.0,3,97,05:24 PM,06:50 AM,07:49 AM,06:49 PM,-8,6,9,6,17,25,30,0.0,1009,9,10,338,15,iran
2019-02-18 21:00:00,9,6,0.0,11.0,3,97,05:24 PM,06:50 AM,07:49 AM,06:49 PM,-6,5,8,5,21,22,36,0.0,1009,8,10,318,17,iran
2019-02-19 00:00:00,10,5,0.0,11.0,3,100,06:37 PM,07:40 AM,07:48 AM,06:50 PM,-6,4,7,4,23,13,38,0.0,1009,7,10,317,18,iran
2019-02-19 03:00:00,10,5,0.0,11.0,3,100,06:37 PM,07:40 AM,07:48 AM,06:50 PM,-6,3,6,3,17,15,42,0.0,1010,6,19,304,13,iran
2019-02-19 06:00:00,10,5,0.0,11.0,3,100,06:37 PM,07:40 AM,07:48 AM,06:50 PM,-6,2,5,2,18,9,47,0.0,1011,5,10,291,13,iran
2019-02-19 09:00:00,10,5,0.0,11.0,3,100,06:37 PM,07:40 AM,07:48 AM,06:50 PM,-7,3,6,3,23,9,38,0.0,1012,6,10,300,19,iran
2019-02-19 12:00:00,10,5,0.0,11.0,3,100,06:37 PM,07:40 AM,07:48 AM,06:50 PM,-7,6,9,6,24,7,32,0.0,1012,9,10,299,21,iran
2019-02-19 15:00:00,10,5,0.0,11.0,3,100,06:37 PM,07:40 AM,07:48 AM,06:50 PM,-7,7,10,7,24,17,30,0.0,1012,10,10,303,21,iran
2019-02-19 18:00:00,10,5,0.0,11.0,3,100,06:37 PM,07:40 AM,07:48 AM,06:50 PM,-6,6,9,6,26,5,36,0.0,1015,9,10,305,22,iran
2019-02-19 21:00:00,10,5,0.0,11.0,3,100,06:37 PM,07:40 AM,07:48 AM,06:50 PM,-7,4,7,4,26,3,37,0.0,1018,7,10,306,21,iran
2019-02-20 00:00:00,8,4,0.0,11.0,3,88,07:51 PM,08:24 AM,07:47 AM,06:51 PM,-8,1,5,1,26,6,38,0.0,1021,5,10,311,21,iran
2019-02-20 03:00:00,8,4,0.0,11.0,3,88,07:51 PM,08:24 AM,07:47 AM,06:51 PM,-10,1,4,1,23,8,35,0.0,1024,4,10,325,17,iran
2019-02-20 06:00:00,8,4,0.0,11.0,3,88,07:51 PM,08:24 AM,07:47 AM,06:51 PM,-15,1,4,1,15,1,24,0.0,1026,4,10,333,12,iran
2019-02-20 09:00:00,8,4,0.0,11.0,3,88,07:51 PM,08:24 AM,07:47 AM,06:51 PM,-16,4,5,4,8,10,20,0.0,1027,5,10,332,6,iran
2019-02-20 12:00:00,8,4,0.0,11.0,3,88,07:51 PM,08:24 AM,07:47 AM,06:51 PM,-7,5,7,5,9,7,37,0.0,1025,7,10,141,8,iran
2019-02-20 15:00:00,8,4,0.0,11.0,3,88,07:51 PM,08:24 AM,07:47 AM,06:51 PM,-6,8,8,8,5,7,38,0.0,1023,8,10,142,5,iran
2019-02-20 18:00:00,8,4,0.0,11.0,3,88,07:51 PM,08:24 AM,07:47 AM,06:51 PM,-4,7,8,7,8,8,42,0.0,1024,8,10,122,6,iran
2019-02-20 21:00:00,8,4,0.0,11.0,3,88,07:51 PM,08:24 AM,07:47 AM,06:51 PM,-3,5,7,5,11,8,50,0.0,1025,7,10,97,10,iran
2019-02-21 00:00:00,9,3,0.0,11.1,3,80,09:02 PM,09:04 AM,07:46 AM,06:52 PM,-4,4,6,4,11,11,50,0.0,1025,6,10,73,9,iran
2019-02-21 03:00:00,9,3,0.0,11.1,3,80,09:02 PM,09:04 AM,07:46 AM,06:52 PM,-5,4,5,4,8,10,48,0.0,1025,5,10,68,7,iran
2019-02-21 06:00:00,9,3,0.0,11.1,3,80,09:02 PM,09:04 AM,07:46 AM,06:52 PM,-8,2,4,2,10,10,42,0.0,1025,4,10,66,7,iran
2019-02-21 09:00:00,9,3,0.0,11.1,3,80,09:02 PM,09:04 AM,07:46 AM,06:52 PM,-7,4,5,4,9,11,40,0.0,1024,5,10,93,8,iran
2019-02-21 12:00:00,9,3,0.0,11.1,3,80,09:02 PM,09:04 AM,07:46 AM,06:52 PM,-6,6,8,6,8,7,37,0.0,1021,8,10,126,7,iran
2019-02-21 15:00:00,9,3,0.0,11.1,3,80,09:02 PM,09:04 AM,07:46 AM,06:52 PM,-7,8,9,8,8,8,32,0.0,1018,9,10,132,6,iran
2019-02-21 18:00:00,9,3,0.0,11.1,3,80,09:02 PM,09:04 AM,07:46 AM,06:52 PM,-5,7,11,7,8,8,34,0.0,1019,7,10,116,6,iran
2019-02-21 21:00:00,9,3,0.0,11.1,3,80,09:02 PM,09:04 AM,07:46 AM,06:52 PM,-5,3,7,3,7,4,36,0.0,1020,3,10,109,6,iran
2019-02-22 00:00:00,12,5,0.0,11.1,3,73,10:11 PM,09:41 AM,07:44 AM,06:53 PM,-4,9,9,9,3,5,40,0.0,1020,9,10,78,3,iran
2019-02-22 03:00:00,12,5,0.0,11.1,3,73,10:11 PM,09:41 AM,07:44 AM,06:53 PM,-6,7,7,7,5,6,38,0.0,1020,7,10,349,4,iran
2019-02-22 06:00:00,12,5,0.0,11.1,3,73,10:11 PM,09:41 AM,07:44 AM,06:53 PM,-8,4,5,4,9,13,38,0.0,1020,5,10,9,6,iran
2019-02-22 09:00:00,12,5,0.0,11.1,3,73,10:11 PM,09:41 AM,07:44 AM,06:53 PM,-8,8,8,8,4,16,31,0.0,1019,8,10,354,4,iran
2019-02-22 12:00:00,12,5,0.0,11.1,3,73,10:11 PM,09:41 AM,07:44 AM,06:53 PM,-8,10,10,10,5,15,28,0.0,1018,10,10,302,4,iran
2019-02-22 15:00:00,12,5,0.0,11.1,3,73,10:11 PM,09:41 AM,07:44 AM,06:53 PM,-8,11,12,11,8,12,25,0.0,1017,12,10,312,7,iran
2019-02-22 18:00:00,12,5,0.0,11.1,3,73,10:11 PM,09:41 AM,07:44 AM,06:53 PM,-8,9,11,9,12,16,26,0.0,1018,11,10,345,10,iran
2019-02-22 21:00:00,12,5,0.0,11.1,3,73,10:11 PM,09:41 AM,07:44 AM,06:53 PM,-9,8,9,8,12,10,26,0.0,1019,9,10,6,10,iran
2019-02-23 00:00:00,12,6,0.0,11.1,3,65,11:18 PM,10:16 AM,07:43 AM,06:54 PM,-8,8,8,8,6,16,30,0.0,1020,8,10,9,5,iran
2019-02-23 03:00:00,12,6,0.0,11.1,3,65,11:18 PM,10:16 AM,07:43 AM,06:54 PM,-9,6,7,6,10,15,31,0.0,1020,7,10,6,7,iran
2019-02-23 06:00:00,12,6,0.0,11.1,3,65,11:18 PM,10:16 AM,07:43 AM,06:54 PM,-9,4,6,4,13,12,33,0.0,1021,6,20,10,7,iran
2019-02-23 09:00:00,12,6,0.0,11.1,3,65,11:18 PM,10:16 AM,07:43 AM,06:54 PM,-9,8,8,8,4,12,29,0.0,1022,8,20,19,4,iran
2019-02-23 12:00:00,12,6,0.0,11.1,3,65,11:18 PM,10:16 AM,07:43 AM,06:54 PM,-7,11,11,11,4,10,28,0.0,1020,11,20,301,3,iran
2019-02-23 15:00:00,12,6,0.0,11.1,3,65,11:18 PM,10:16 AM,07:43 AM,06:54 PM,-7,12,12,12,8,7,25,0.0,1019,12,19,310,7,iran
2019-02-23 18:00:00,12,6,0.0,11.1,3,65,11:18 PM,10:16 AM,07:43 AM,06:54 PM,-7,11,12,11,9,8,25,0.0,1019,12,17,345,8,iran
2019-02-23 21:00:00,12,6,0.0,11.1,3,65,11:18 PM,10:16 AM,07:43 AM,06:54 PM,-9,10,11,10,12,12,24,0.0,1020,11,19,19,10,iran
2019-02-24 00:00:00,13,7,0.0,11.1,4,57,No moonrise,10:51 AM,07:42 AM,06:55 PM,-8,9,10,9,8,12,27,0.0,1020,10,10,29,6,iran
2019-02-24 03:00:00,13,7,0.0,11.1,4,57,No moonrise,10:51 AM,07:42 AM,06:55 PM,-9,7,8,7,11,12,28,0.0,1021,8,10,24,8,iran
2019-02-24 06:00:00,13,7,0.0,11.1,4,57,No moonrise,10:51 AM,07:42 AM,06:55 PM,-10,5,7,5,13,9,30,0.0,1022,7,10,13,7,iran
2019-02-24 09:00:00,13,7,0.0,11.1,4,57,No moonrise,10:51 AM,07:42 AM,06:55 PM,-10,10,9,10,4,11,25,0.0,1022,9,10,51,4,iran
2019-02-24 12:00:00,13,7,0.0,11.1,4,57,No moonrise,10:51 AM,07:42 AM,06:55 PM,-9,11,11,11,2,11,24,0.0,1020,11,10,47,2,iran
2019-02-24 15:00:00,13,7,0.0,11.1,4,57,No moonrise,10:51 AM,07:42 AM,06:55 PM,-8,13,13,13,4,9,23,0.0,1019,13,10,4,4,iran
2019-02-24 18:00:00,13,7,0.0,11.1,4,57,No moonrise,10:51 AM,07:42 AM,06:55 PM,-9,11,11,11,10,46,23,0.0,1019,11,10,39,7,iran
2019-02-24 21:00:00,13,7,0.0,11.1,4,57,No moonrise,10:51 AM,07:42 AM,06:55 PM,-9,10,11,10,9,48,24,0.0,1021,11,10,63,7,iran
2019-02-25 00:00:00,11,6,0.0,10.1,2,50,12:22 AM,11:28 AM,07:41 AM,06:56 PM,-9,10,10,10,7,71,26,0.0,1021,10,10,27,6,iran
2019-02-25 03:00:00,11,6,0.0,10.1,2,50,12:22 AM,11:28 AM,07:41 AM,06:56 PM,-7,7,8,7,11,87,33,0.6,1022,8,2,339,10,iran
2019-02-25 06:00:00,11,6,0.0,10.1,2,50,12:22 AM,11:28 AM,07:41 AM,06:56 PM,-4,4,6,4,14,75,49,2.3,1023,6,9,320,10,iran
2019-02-25 09:00:00,11,6,0.0,10.1,2,50,12:22 AM,11:28 AM,07:41 AM,06:56 PM,-4,6,8,6,17,85,42,2.4,1023,8,9,303,13,iran
2019-02-25 12:00:00,11,6,0.0,10.1,2,50,12:22 AM,11:28 AM,07:41 AM,06:56 PM,-7,9,10,9,11,3,29,0.0,1022,10,10,297,10,iran
2019-02-25 15:00:00,11,6,0.0,10.1,2,50,12:22 AM,11:28 AM,07:41 AM,06:56 PM,-8,10,11,10,15,3,24,0.0,1020,11,10,302,13,iran
2019-02-25 18:00:00,11,6,0.0,10.1,2,50,12:22 AM,11:28 AM,07:41 AM,06:56 PM,-8,9,10,9,13,6,27,0.0,1019,10,10,327,11,iran
2019-02-25 21:00:00,11,6,0.0,10.1,2,50,12:22 AM,11:28 AM,07:41 AM,06:56 PM,-7,10,10,10,7,12,29,0.0,1019,10,10,356,6,iran
2019-02-26 00:00:00,12,6,0.0,11.2,3,42,01:25 AM,12:06 PM,07:40 AM,06:57 PM,-4,10,10,10,1,5,37,0.0,1018,10,10,81,1,iran
2019-02-26 03:00:00,12,6,0.0,11.2,3,42,01:25 AM,12:06 PM,07:40 AM,06:57 PM,-4,9,8,9,4,7,41,0.0,1018,8,10,9,4,iran
2019-02-26 06:00:00,12,6,0.0,11.2,3,42,01:25 AM,12:06 PM,07:40 AM,06:57 PM,-7,6,6,6,7,7,38,0.0,1018,6,10,342,5,iran
2019-02-26 09:00:00,12,6,0.0,11.2,3,42,01:25 AM,12:06 PM,07:40 AM,06:57 PM,-6,8,9,8,6,4,35,0.0,1017,9,10,307,5,iran
2019-02-26 12:00:00,12,6,0.0,11.2,3,42,01:25 AM,12:06 PM,07:40 AM,06:57 PM,-7,9,11,9,15,3,28,0.0,1014,11,10,288,13,iran
2019-02-26 15:00:00,12,6,0.0,11.2,3,42,01:25 AM,12:06 PM,07:40 AM,06:57 PM,-9,10,12,10,20,5,22,0.0,1011,12,10,321,17,iran
2019-02-26 18:00:00,12,6,0.0,11.2,3,42,01:25 AM,12:06 PM,07:40 AM,06:57 PM,-9,10,11,10,18,6,23,0.0,1010,11,10,4,14,iran
2019-02-26 21:00:00,12,6,0.0,11.2,3,42,01:25 AM,12:06 PM,07:40 AM,06:57 PM,-7,7,11,7,7,5,25,0.0,1010,7,10,3,6,iran
2019-02-27 00:00:00,13,5,0.0,5.6,4,35,02:25 AM,12:47 PM,07:38 AM,06:57 PM,-8,10,10,10,7,24,28,0.0,1008,10,10,57,5,iran
2019-02-27 03:00:00,13,5,0.0,5.6,4,35,02:25 AM,12:47 PM,07:38 AM,06:57 PM,-9,8,10,8,20,100,27,0.0,1007,10,10,38,13,iran
2019-02-27 06:00:00,13,5,0.0,5.6,4,35,02:25 AM,12:47 PM,07:38 AM,06:57 PM,-5,6,8,6,29,83,38,0.4,1005,8,10,34,16,iran
2019-02-27 09:00:00,13,5,0.0,5.6,4,35,02:25 AM,12:47 PM,07:38 AM,06:57 PM,-4,10,11,10,15,81,36,0.7,1004,11,9,55,12,iran
2019-02-27 12:00:00,13,5,0.0,5.6,4,35,02:25 AM,12:47 PM,07:38 AM,06:57 PM,-3,11,13,11,21,71,32,0.4,1001,13,9,119,17,iran
2019-02-27 15:00:00,13,5,0.0,5.6,4,35,02:25 AM,12:47 PM,07:38 AM,06:57 PM,-1,11,12,11,10,66,42,1.0,999,12,10,63,8,iran
2019-02-27 18:00:00,13,5,0.0,5.6,4,35,02:25 AM,12:47 PM,07:38 AM,06:57 PM,3,5,8,5,39,100,67,5.2,1001,8,7,33,22,iran
2019-02-27 21:00:00,13,5,0.0,5.6,4,35,02:25 AM,12:47 PM,07:38 AM,06:57 PM,0,5,8,5,29,59,51,7.5,1003,5,3,328,15,iran
2019-02-28 00:00:00,12,7,0.0,7.1,2,27,03:22 AM,01:33 PM,07:37 AM,06:58 PM,-3,6,9,6,25,73,42,0.4,1004,9,9,305,18,iran
2019-02-28 03:00:00,12,7,0.0,7.1,2,27,03:22 AM,01:33 PM,07:37 AM,06:58 PM,-2,5,8,5,28,72,48,0.4,1005,8,10,302,20,iran
2019-02-28 06:00:00,12,7,0.0,7.1,2,27,03:22 AM,01:33 PM,07:37 AM,06:58 PM,-3,4,7,4,25,14,50,0.0,1005,7,10,320,15,iran
2019-02-28 09:00:00,12,7,0.0,7.1,2,27,03:22 AM,01:33 PM,07:37 AM,06:58 PM,-4,7,9,7,23,17,40,0.0,1004,9,10,308,18,iran
2019-02-28 12:00:00,12,7,0.0,7.1,2,27,03:22 AM,01:33 PM,07:37 AM,06:58 PM,-4,10,12,10,20,62,34,0.0,1002,12,10,297,18,iran
2019-02-28 15:00:00,12,7,0.0,7.1,2,27,03:22 AM,01:33 PM,07:37 AM,06:58 PM,-2,9,11,9,19,98,42,1.7,1000,11,10,333,13,iran
2019-02-28 18:00:00,12,7,0.0,7.1,2,27,03:22 AM,01:33 PM,07:37 AM,06:58 PM,-0,8,10,8,20,83,50,2.5,1001,10,7,26,13,iran
2019-02-28 21:00:00,12,7,0.0,7.1,2,27,03:22 AM,01:33 PM,07:37 AM,06:58 PM,1,7,11,7,9,96,53,3.9,1002,7,7,354,5,iran
2019-03-01 00:00:00,12,6,0.0,11.2,2,26,04:14 AM,02:20 PM,07:36 AM,06:59 PM,1,8,8,8,3,85,61,0.4,1002,8,2,316,3,iran
2019-03-01 03:00:00,12,6,0.0,11.2,2,26,04:14 AM,02:20 PM,07:36 AM,06:59 PM,-1,4,6,4,11,91,60,0.5,1001,6,2,23,10,iran
2019-03-01 06:00:00,12,6,0.0,11.2,2,26,04:14 AM,02:20 PM,07:36 AM,06:59 PM,-3,4,6,4,9,18,56,0.0,1001,6,10,17,8,iran
2019-03-01 09:00:00,12,6,0.0,11.2,2,26,04:14 AM,02:20 PM,07:36 AM,06:59 PM,-4,8,8,8,3,28,45,0.0,1001,8,10,302,3,iran
2019-03-01 12:00:00,12,6,0.0,11.2,2,26,04:14 AM,02:20 PM,07:36 AM,06:59 PM,-5,8,9,8,12,23,36,0.0,999,9,10,283,10,iran
2019-03-01 15:00:00,12,6,0.0,11.2,2,26,04:14 AM,02:20 PM,07:36 AM,06:59 PM,-7,10,12,10,17,4,26,0.0,998,12,10,275,15,iran
2019-03-01 18:00:00,12,6,0.0,11.2,2,26,04:14 AM,02:20 PM,07:36 AM,06:59 PM,-5,7,10,7,18,4,35,0.0,1000,10,10,299,16,iran
2019-03-01 21:00:00,12,6,0.0,11.2,2,26,04:14 AM,02:20 PM,07:36 AM,06:59 PM,-6,5,8,5,23,2,38,0.0,1002,8,10,306,20,iran
2019-03-02 00:00:00,13,5,0.0,11.6,3,19,05:03 AM,03:12 PM,07:34 AM,07:00 PM,-5,4,7,4,21,2,41,0.0,1004,7,10,306,18,iran
2019-03-02 03:00:00,13,5,0.0,11.6,3,19,05:03 AM,03:12 PM,07:34 AM,07:00 PM,-7,3,6,3,19,0,39,0.0,1006,6,10,307,16,iran
2019-03-02 06:00:00,13,5,0.0,11.6,3,19,05:03 AM,03:12 PM,07:34 AM,07:00 PM,-10,2,5,2,15,0,33,0.0,1008,5,10,312,13,iran
2019-03-02 09:00:00,13,5,0.0,11.6,3,19,05:03 AM,03:12 PM,07:34 AM,07:00 PM,-9,6,8,6,16,0,29,0.0,1009,8,10,284,14,iran
2019-03-02 12:00:00,13,5,0.0,11.6,3,19,05:03 AM,03:12 PM,07:34 AM,07:00 PM,-9,9,11,9,15,0,25,0.0,1008,11,10,274,13,iran
2019-03-02 15:00:00,13,5,0.0,11.6,3,19,05:03 AM,03:12 PM,07:34 AM,07:00 PM,-11,12,13,12,13,0,19,0.0,1006,13,10,278,12,iran
2019-03-02 18:00:00,13,5,0.0,11.6,3,19,05:03 AM,03:12 PM,07:34 AM,07:00 PM,-9,9,13,9,8,0,19,0.0,1008,9,10,308,7,iran
2019-03-02 21:00:00,13,5,0.0,11.6,3,19,05:03 AM,03:12 PM,07:34 AM,07:00 PM,-12,7,11,7,10,3,20,0.0,1009,7,10,354,9,iran
2019-03-03 00:00:00,13,4,0.0,11.6,3,12,05:46 AM,04:05 PM,07:33 AM,07:01 PM,-11,6,7,6,9,3,26,0.0,1010,7,10,358,8,iran
2019-03-03 03:00:00,13,4,0.0,11.6,3,12,05:46 AM,04:05 PM,07:33 AM,07:01 PM,-10,5,6,5,11,2,29,0.0,1010,6,10,360,9,iran
2019-03-03 06:00:00,13,4,0.0,11.6,3,12,05:46 AM,04:05 PM,07:33 AM,07:01 PM,-12,1,4,1,17,5,30,0.0,1012,4,10,350,10,iran
2019-03-03 09:00:00,13,4,0.0,11.6,3,12,05:46 AM,04:05 PM,07:33 AM,07:01 PM,-10,7,8,7,11,15,26,0.0,1012,8,10,294,9,iran
2019-03-03 12:00:00,13,4,0.0,11.6,3,12,05:46 AM,04:05 PM,07:33 AM,07:01 PM,-10,9,11,9,14,7,23,0.0,1011,11,10,276,13,iran
2019-03-03 15:00:00,13,4,0.0,11.6,3,12,05:46 AM,04:05 PM,07:33 AM,07:01 PM,-9,12,13,12,13,3,21,0.0,1011,13,10,281,11,iran
2019-03-03 18:00:00,13,4,0.0,11.6,3,12,05:46 AM,04:05 PM,07:33 AM,07:01 PM,-9,13,13,13,8,5,21,0.0,1013,13,10,307,7,iran
2019-03-03 21:00:00,13,4,0.0,11.6,3,12,05:46 AM,04:05 PM,07:33 AM,07:01 PM,-10,10,11,10,10,3,21,0.0,1015,11,10,9,9,iran
2019-03-04 00:00:00,14,5,0.0,11.6,4,4,06:25 AM,05:00 PM,07:32 AM,07:02 PM,-15,7,8,7,11,3,17,0.0,1016,8,10,14,9,iran
2019-03-04 03:00:00,14,5,0.0,11.6,4,4,06:25 AM,05:00 PM,07:32 AM,07:02 PM,-20,5,6,5,12,4,14,0.0,1017,6,10,21,8,iran
2019-03-04 06:00:00,14,5,0.0,11.6,4,4,06:25 AM,05:00 PM,07:32 AM,07:02 PM,-21,3,5,3,14,4,14,0.0,1017,5,10,21,8,iran
2019-03-04 09:00:00,14,5,0.0,11.6,4,4,06:25 AM,05:00 PM,07:32 AM,07:02 PM,-10,10,10,10,5,6,24,0.0,1017,10,10,84,4,iran
2019-03-04 12:00:00,14,5,0.0,11.6,4,4,06:25 AM,05:00 PM,07:32 AM,07:02 PM,-6,12,12,12,6,3,29,0.0,1015,12,10,104,5,iran
2019-03-04 15:00:00,14,5,0.0,11.6,4,4,06:25 AM,05:00 PM,07:32 AM,07:02 PM,-7,14,14,14,4,3,23,0.0,1013,14,10,100,3,iran
2019-03-04 18:00:00,14,5,0.0,11.6,4,4,06:25 AM,05:00 PM,07:32 AM,07:02 PM,-9,11,12,11,9,6,22,0.0,1014,12,10,51,8,iran
2019-03-04 21:00:00,14,5,0.0,11.6,4,4,06:25 AM,05:00 PM,07:32 AM,07:02 PM,-12,9,10,9,10,81,21,0.1,1015,10,10,7,9,iran
2019-03-05 00:00:00,14,5,0.0,11.6,3,0,07:01 AM,05:55 PM,07:30 AM,07:03 PM,-8,6,8,6,12,76,32,0.1,1016,8,10,336,10,iran
2019-03-05 03:00:00,14,5,0.0,11.6,3,0,07:01 AM,05:55 PM,07:30 AM,07:03 PM,-7,3,6,3,15,88,39,0.2,1017,6,9,327,10,iran
2019-03-05 06:00:00,14,5,0.0,11.6,3,0,07:01 AM,05:55 PM,07:30 AM,07:03 PM,-8,2,5,2,14,6,39,0.0,1017,5,10,332,9,iran
2019-03-05 09:00:00,14,5,0.0,11.6,3,0,07:01 AM,05:55 PM,07:30 AM,07:03 PM,-6,8,10,8,12,5,33,0.0,1018,10,10,288,10,iran
2019-03-05 12:00:00,14,5,0.0,11.6,3,0,07:01 AM,05:55 PM,07:30 AM,07:03 PM,-6,11,12,11,12,3,29,0.0,1017,12,10,274,10,iran
2019-03-05 15:00:00,14,5,0.0,11.6,3,0,07:01 AM,05:55 PM,07:30 AM,07:03 PM,-5,14,14,14,9,3,26,0.0,1016,14,10,268,8,iran
2019-03-05 18:00:00,14,5,0.0,11.6,3,0,07:01 AM,05:55 PM,07:30 AM,07:03 PM,-4,11,15,11,3,0,25,0.0,1017,11,10,320,3,iran
2019-03-05 21:00:00,14,5,0.0,11.6,3,0,07:01 AM,05:55 PM,07:30 AM,07:03 PM,-9,9,13,9,8,0,25,0.0,1018,9,10,46,7,iran
2019-03-06 00:00:00,13,5,0.0,11.6,3,0,07:33 AM,06:51 PM,07:29 AM,07:04 PM,-12,6,7,6,14,5,23,0.0,1018,7,10,35,10,iran
2019-03-06 03:00:00,13,5,0.0,11.6,3,0,07:33 AM,06:51 PM,07:29 AM,07:04 PM,-15,4,6,4,14,7,21,0.0,1018,6,10,28,9,iran
2019-03-06 06:00:00,13,5,0.0,11.6,3,0,07:33 AM,06:51 PM,07:29 AM,07:04 PM,-12,3,5,3,18,9,27,0.0,1018,5,10,27,10,iran
2019-03-06 09:00:00,13,5,0.0,11.6,3,0,07:33 AM,06:51 PM,07:29 AM,07:04 PM,-5,10,10,10,5,10,33,0.0,1017,10,10,97,5,iran
2019-03-06 12:00:00,13,5,0.0,11.6,3,0,07:33 AM,06:51 PM,07:29 AM,07:04 PM,-5,11,12,11,8,9,31,0.0,1016,12,10,165,6,iran
2019-03-06 15:00:00,13,5,0.0,11.6,3,0,07:33 AM,06:51 PM,07:29 AM,07:04 PM,-5,13,13,13,7,8,29,0.0,1014,13,10,188,6,iran
2019-03-06 18:00:00,13,5,0.0,11.6,3,0,07:33 AM,06:51 PM,07:29 AM,07:04 PM,-4,9,11,9,1,6,29,0.0,1014,9,10,47,1,iran
2019-03-06 21:00:00,13,5,0.0,11.6,3,0,07:33 AM,06:51 PM,07:29 AM,07:04 PM,-7,7,10,7,8,6,26,0.0,1015,7,10,24,7,iran
2019-03-07 00:00:00,14,6,0.0,11.6,4,3,08:03 AM,07:47 PM,07:28 AM,07:05 PM,-11,8,10,8,9,9,23,0.0,1015,10,10,17,8,iran
2019-03-07 03:00:00,14,6,0.0,11.6,4,3,08:03 AM,07:47 PM,07:28 AM,07:05 PM,-11,7,8,7,9,7,24,0.0,1014,8,10,18,8,iran
2019-03-07 06:00:00,14,6,0.0,11.6,4,3,08:03 AM,07:47 PM,07:28 AM,07:05 PM,-9,4,6,4,15,9,33,0.0,1014,6,10,16,9,iran
2019-03-07 09:00:00,14,6,0.0,11.6,4,3,08:03 AM,07:47 PM,07:28 AM,07:05 PM,-5,11,11,11,3,8,34,0.0,1014,11,10,310,3,iran
2019-03-07 12:00:00,14,6,0.0,11.6,4,3,08:03 AM,07:47 PM,07:28 AM,07:05 PM,-6,12,12,12,6,7,26,0.0,1013,12,10,276,5,iran
2019-03-07 15:00:00,14,6,0.0,11.6,4,3,08:03 AM,07:47 PM,07:28 AM,07:05 PM,-8,14,14,14,8,4,20,0.0,1011,14,10,276,7,iran
2019-03-07 18:00:00,14,6,0.0,11.6,4,3,08:03 AM,07:47 PM,07:28 AM,07:05 PM,-10,12,15,12,6,4,18,0.0,1012,12,10,331,5,iran
2019-03-07 21:00:00,14,6,0.0,11.6,4,3,08:03 AM,07:47 PM,07:28 AM,07:05 PM,-11,10,11,10,14,6,20,0.0,1015,11,10,34,12,iran
2019-03-08 00:00:00,11,6,0.0,7.3,3,10,08:32 AM,08:42 PM,07:26 AM,07:06 PM,-8,8,10,8,12,6,27,0.0,1016,10,10,37,10,iran
2019-03-08 03:00:00,11,6,0.0,7.3,3,10,08:32 AM,08:42 PM,07:26 AM,07:06 PM,-9,5,7,5,16,13,30,0.0,1017,7,10,30,10,iran
2019-03-08 06:00:00,11,6,0.0,7.3,3,10,08:32 AM,08:42 PM,07:26 AM,07:06 PM,-11,4,6,4,19,29,28,0.0,1019,6,10,29,10,iran
2019-03-08 09:00:00,11,6,0.0,7.3,3,10,08:32 AM,08:42 PM,07:26 AM,07:06 PM,-6,10,10,10,7,90,33,0.2,1020,10,10,42,6,iran
2019-03-08 12:00:00,11,6,0.0,7.3,3,10,08:32 AM,08:42 PM,07:26 AM,07:06 PM,-2,10,10,10,5,82,43,0.7,1020,10,5,41,5,iran
2019-03-08 15:00:00,11,6,0.0,7.3,3,10,08:32 AM,08:42 PM,07:26 AM,07:06 PM,-2,10,11,10,12,59,40,1.1,1020,11,9,16,10,iran
2019-03-08 18:00:00,11,6,0.0,7.3,3,10,08:32 AM,08:42 PM,07:26 AM,07:06 PM,-3,7,9,7,19,79,41,1.1,1022,9,9,335,16,iran
2019-03-08 21:00:00,11,6,0.0,7.3,3,10,08:32 AM,08:42 PM,07:26 AM,07:06 PM,-6,5,8,5,20,85,36,1.2,1024,8,9,5,17,iran
2019-03-09 00:00:00,11,4,0.0,11.6,2,17,09:02 AM,09:39 PM,07:25 AM,07:07 PM,-6,4,7,4,17,89,39,0.1,1025,7,10,341,14,iran
2019-03-09 03:00:00,11,4,0.0,11.6,2,17,09:02 AM,09:39 PM,07:25 AM,07:07 PM,-7,2,5,2,23,76,43,0.2,1026,5,9,329,17,iran
2019-03-09 06:00:00,11,4,0.0,11.6,2,17,09:02 AM,09:39 PM,07:25 AM,07:07 PM,-7,1,4,1,22,72,45,0.1,1026,4,10,321,14,iran
2019-03-09 09:00:00,11,4,0.0,11.6,2,17,09:02 AM,09:39 PM,07:25 AM,07:07 PM,-4,6,8,6,10,51,42,0.1,1027,8,10,287,9,iran
2019-03-09 12:00:00,11,4,0.0,11.6,2,17,09:02 AM,09:39 PM,07:25 AM,07:07 PM,-4,8,9,8,14,16,39,0.0,1027,9,10,260,12,iran
2019-03-09 15:00:00,11,4,0.0,11.6,2,17,09:02 AM,09:39 PM,07:25 AM,07:07 PM,-4,10,11,10,14,11,35,0.0,1025,11,10,274,12,iran
2019-03-09 18:00:00,11,4,0.0,11.6,2,17,09:02 AM,09:39 PM,07:25 AM,07:07 PM,-3,9,13,9,13,3,37,0.0,1026,9,10,292,11,iran
2019-03-09 21:00:00,11,4,0.0,11.6,2,17,09:02 AM,09:39 PM,07:25 AM,07:07 PM,-3,5,7,5,12,1,39,0.0,1026,5,10,321,10,iran
2019-03-10 00:00:00,11,7,0.0,11.6,3,24,09:32 AM,10:37 PM,07:24 AM,07:08 PM,-6,8,9,8,9,2,35,0.0,1025,9,10,331,8,iran
2019-03-10 03:00:00,11,7,0.0,11.6,3,24,09:32 AM,10:37 PM,07:24 AM,07:08 PM,-7,7,8,7,6,0,33,0.0,1024,8,10,338,6,iran
2019-03-10 06:00:00,11,7,0.0,11.6,3,24,09:32 AM,10:37 PM,07:24 AM,07:08 PM,-8,6,7,6,5,0,33,0.0,1023,7,10,357,5,iran
2019-03-10 09:00:00,11,7,0.0,11.6,3,24,09:32 AM,10:37 PM,07:24 AM,07:08 PM,-6,9,9,9,6,0,33,0.0,1022,9,10,207,5,iran
2019-03-10 12:00:00,11,7,0.0,11.6,3,24,09:32 AM,10:37 PM,07:24 AM,07:08 PM,-7,9,10,9,9,3,29,0.0,1019,10,10,205,8,iran
2019-03-10 15:00:00,11,7,0.0,11.6,3,24,09:32 AM,10:37 PM,07:24 AM,07:08 PM,-9,10,11,10,8,15,24,0.0,1016,11,10,207,6,iran
2019-03-10 18:00:00,11,7,0.0,11.6,3,24,09:32 AM,10:37 PM,07:24 AM,07:08 PM,-9,11,11,11,2,16,24,0.0,1016,11,10,172,2,iran
2019-03-10 21:00:00,11,7,0.0,11.6,3,24,09:32 AM,10:37 PM,07:24 AM,07:08 PM,-11,9,9,9,5,15,24,0.0,1016,9,10,80,4,iran
2019-03-11 00:00:00,14,4,0.0,10.2,4,32,10:03 AM,11:37 PM,07:22 AM,07:08 PM,-12,6,7,6,6,30,25,0.0,1015,7,10,55,5,iran
2019-03-11 03:00:00,14,4,0.0,10.2,4,32,10:03 AM,11:37 PM,07:22 AM,07:08 PM,-14,4,5,4,9,49,23,0.0,1015,5,10,30,5,iran
2019-03-11 06:00:00,14,4,0.0,10.2,4,32,10:03 AM,11:37 PM,07:22 AM,07:08 PM,-12,3,4,3,9,72,29,0.0,1015,4,10,18,5,iran
2019-03-11 09:00:00,14,4,0.0,10.2,4,32,10:03 AM,11:37 PM,07:22 AM,07:08 PM,-7,10,10,10,5,5,29,0.0,1015,10,10,230,4,iran
2019-03-11 12:00:00,14,4,0.0,10.2,4,32,10:03 AM,11:37 PM,07:22 AM,07:08 PM,-6,10,11,10,10,88,28,0.0,1014,11,10,243,9,iran
2019-03-11 15:00:00,14,4,0.0,10.2,4,32,10:03 AM,11:37 PM,07:22 AM,07:08 PM,-7,13,14,13,11,6,24,0.0,1014,14,10,270,9,iran
2019-03-11 18:00:00,14,4,0.0,10.2,4,32,10:03 AM,11:37 PM,07:22 AM,07:08 PM,-6,12,14,12,8,6,25,0.0,1016,12,10,293,6,iran
2019-03-11 21:00:00,14,4,0.0,10.2,4,32,10:03 AM,11:37 PM,07:22 AM,07:08 PM,-6,10,12,10,6,6,27,0.0,1017,10,10,19,5,iran
